nodo_a_id,actor_a,nodo_b_id,actor_b,similitud_sbert
NeurotypicalCognition_3_41,NT,SocialBehavioralAutism_5_232,SB,0.581
NeurotypicalCognition_4_42,NT,SocialBehavioralAutism_3_22,SB,0.6154
NeurotypicalCognition_4_42,NT,SocialBehavioralAutism_5_210,SB,0.8645
NeurotypicalCognition_4_43,NT,SocialBehavioralAutism_5_210,SB,0.7069
NeurotypicalCognition_4_45,NT,SocialBehavioralAutism_3_48,SB,0.7571
NeurotypicalCognition_4_45,NT,SocialBehavioralAutism_5_210,SB,0.9879
NeurotypicalCognition_5_70,NT,SocialBehavioralAutism_5_232,SB,0.9657
NeurotypicalCognition_5_82,NT,SocialBehavioralAutism_3_22,SB,0.9853
NeurotypicalCognition_5_82,NT,SocialBehavioralAutism_5_169,SB,0.9928
NeurotypicalCognition_5_82,NT,SocialBehavioralAutism_5_210,SB,0.9886
NeurotypicalCognition_5_89,NT,SocialBehavioralAutism_4_109,SB,0.8513
NeurotypicalCognition_5_106,NT,SocialBehavioralAutism_4_85,SB,0.7331
NeurotypicalCognition_5_116,NT,SocialBehavioralAutism_4_109,SB,0.9537
NeurotypicalCognition_5_120,NT,SocialBehavioralAutism_5_145,SB,0.705
NeurotypicalCognition_6_196,NT,SocialBehavioralAutism_5_210,SB,0.992
NeurotypicalCognition_6_206,NT,SocialBehavioralAutism_5_169,SB,0.6405
NeurotypicalCognition_6_206,NT,SocialBehavioralAutism_5_210,SB,0.9933
NeurotypicalCognition_6_219,NT,SocialBehavioralAutism_3_22,SB,0.8087
NeurotypicalCognition_6_219,NT,SocialBehavioralAutism_5_210,SB,0.649
NeurotypicalCognition_7_229,NT,SocialBehavioralAutism_2_12,SB,0.9344
NeurotypicalCognition_7_237,NT,SocialBehavioralAutism_5_210,SB,0.947
NeurotypicalCognition_7_267,NT,SocialBehavioralAutism_4_148,SB,0.9519
NeurotypicalCognition_1_1,NT,MixedASDwithDelay_4_121,MX,0.9253
NeurotypicalCognition_4_50,NT,MixedASDwithDelay_5_190,MX,0.9152
NeurotypicalCognition_4_58,NT,MixedASDwithDelay_5_195,MX,0.8867
NeurotypicalCognition_5_82,NT,MixedASDwithDelay_4_121,MX,0.762
NeurotypicalCognition_5_93,NT,MixedASDwithDelay_5_183,MX,0.986
NeurotypicalCognition_6_159,NT,MixedASDwithDelay_3_51,MX,0.7545
NeurotypicalCognition_6_159,NT,MixedASDwithDelay_4_98,MX,0.776
NeurotypicalCognition_6_159,NT,MixedASDwithDelay_5_195,MX,0.8022
NeurotypicalCognition_6_169,NT,MixedASDwithDelay_5_225,MX,0.9779
NeurotypicalCognition_6_182,NT,MixedASDwithDelay_5_225,MX,0.9354
NeurotypicalCognition_6_196,NT,MixedASDwithDelay_0_0,MX,0.6442
NeurotypicalCognition_6_226,NT,MixedASDwithDelay_0_0,MX,0.6315
NeurotypicalCognition_7_241,NT,MixedASDwithDelay_5_190,MX,0.9921
NeurotypicalCognition_4_45,NT,ModerateAutism_3_31,MO,0.6142
NeurotypicalCognition_4_58,NT,ModerateAutism_3_30,MO,0.9644
NeurotypicalCognition_5_82,NT,ModerateAutism_3_25,MO,0.929
NeurotypicalCognition_5_93,NT,ModerateAutism_3_31,MO,0.9747
NeurotypicalCognition_5_106,NT,ModerateAutism_3_62,MO,0.8903
NeurotypicalCognition_6_159,NT,ModerateAutism_2_5,MO,0.696
NeurotypicalCognition_6_159,NT,ModerateAutism_3_62,MO,0.6517
NeurotypicalCognition_6_159,NT,ModerateAutism_4_103,MO,0.9837
NeurotypicalCognition_6_159,NT,ModerateAutism_4_187,MO,0.9727
NeurotypicalCognition_6_173,NT,ModerateAutism_4_154,MO,0.8834
NeurotypicalCognition_6_180,NT,ModerateAutism_4_107,MO,0.7794
NeurotypicalCognition_6_190,NT,ModerateAutism_3_49,MO,0.6776
NeurotypicalCognition_6_206,NT,ModerateAutism_2_19,MO,0.6414
NeurotypicalCognition_6_206,NT,ModerateAutism_3_51,MO,0.5581
NeurotypicalCognition_6_211,NT,ModerateAutism_3_49,MO,0.978
NeurotypicalCognition_6_211,NT,ModerateAutism_4_108,MO,0.8679
NeurotypicalCognition_7_230,NT,ModerateAutism_4_154,MO,0.8718
NeurotypicalCognition_7_255,NT,ModerateAutism_4_137,MO,0.5671
NeurotypicalCognition_7_263,NT,ModerateAutism_4_154,MO,0.565
NeurotypicalCognition_7_267,NT,ModerateAutism_3_55,MO,0.6707
NeurotypicalCognition_1_1,NT,BroadlyAffectedAutism_4_61,BR,0.5804
NeurotypicalCognition_5_82,NT,BroadlyAffectedAutism_4_61,BR,0.9765
NeurotypicalCognition_5_116,NT,BroadlyAffectedAutism_5_130,BR,0.7817
NeurotypicalCognition_6_121,NT,BroadlyAffectedAutism_4_61,BR,0.6399
NeurotypicalCognition_6_134,NT,BroadlyAffectedAutism_4_46,BR,0.8973
NeurotypicalCognition_6_206,NT,BroadlyAffectedAutism_4_61,BR,0.9444
NeurotypicalCognition_6_211,NT,BroadlyAffectedAutism_4_46,BR,0.6633
NeurotypicalCognition_7_229,NT,BroadlyAffectedAutism_5_119,BR,0.9344
NeurotypicalCognition_7_230,NT,BroadlyAffectedAutism_5_170,BR,0.8973
NeurotypicalCognition_7_231,NT,BroadlyAffectedAutism_4_61,BR,0.676
NeurotypicalCognition_7_241,NT,BroadlyAffectedAutism_4_48,BR,0.7575
SocialBehavioralAutism_1_2,SB,MixedASDwithDelay_1_1,MX,0.8267
SocialBehavioralAutism_1_2,SB,MixedASDwithDelay_3_37,MX,0.9697
SocialBehavioralAutism_1_2,SB,MixedASDwithDelay_5_168,MX,0.9975
SocialBehavioralAutism_1_4,SB,MixedASDwithDelay_2_16,MX,0.9962
SocialBehavioralAutism_1_4,SB,MixedASDwithDelay_3_27,MX,0.9775
SocialBehavioralAutism_1_4,SB,MixedASDwithDelay_3_32,MX,0.8873
SocialBehavioralAutism_2_5,SB,MixedASDwithDelay_2_8,MX,0.9921
SocialBehavioralAutism_2_5,SB,MixedASDwithDelay_2_13,MX,0.9286
SocialBehavioralAutism_2_5,SB,MixedASDwithDelay_2_20,MX,0.9794
SocialBehavioralAutism_2_5,SB,MixedASDwithDelay_5_217,MX,0.9957
SocialBehavioralAutism_2_5,SB,MixedASDwithDelay_5_228,MX,0.8279
SocialBehavioralAutism_2_5,SB,MixedASDwithDelay_5_234,MX,0.9632
SocialBehavioralAutism_2_6,SB,MixedASDwithDelay_1_1,MX,0.9458
SocialBehavioralAutism_2_6,SB,MixedASDwithDelay_3_37,MX,0.9786
SocialBehavioralAutism_2_6,SB,MixedASDwithDelay_5_168,MX,0.9946
SocialBehavioralAutism_2_8,SB,MixedASDwithDelay_3_43,MX,0.996
SocialBehavioralAutism_2_8,SB,MixedASDwithDelay_4_87,MX,0.9963
SocialBehavioralAutism_2_8,SB,MixedASDwithDelay_4_89,MX,0.9685
SocialBehavioralAutism_2_9,SB,MixedASDwithDelay_2_14,MX,0.9969
SocialBehavioralAutism_2_9,SB,MixedASDwithDelay_4_107,MX,0.77
SocialBehavioralAutism_2_11,SB,MixedASDwithDelay_4_136,MX,0.9961
SocialBehavioralAutism_2_11,SB,MixedASDwithDelay_5_232,MX,0.7423
SocialBehavioralAutism_2_12,SB,MixedASDwithDelay_5_183,MX,0.978
SocialBehavioralAutism_2_19,SB,MixedASDwithDelay_2_20,MX,0.9942
SocialBehavioralAutism_2_19,SB,MixedASDwithDelay_5_188,MX,0.8619
SocialBehavioralAutism_2_19,SB,MixedASDwithDelay_5_217,MX,0.9826
SocialBehavioralAutism_2_20,SB,MixedASDwithDelay_5_201,MX,0.9823
SocialBehavioralAutism_3_21,SB,MixedASDwithDelay_1_1,MX,0.9898
SocialBehavioralAutism_3_21,SB,MixedASDwithDelay_5_168,MX,0.993
SocialBehavioralAutism_3_25,SB,MixedASDwithDelay_2_10,MX,0.7559
SocialBehavioralAutism_3_25,SB,MixedASDwithDelay_3_39,MX,0.9449
SocialBehavioralAutism_3_25,SB,MixedASDwithDelay_3_41,MX,0.7707
SocialBehavioralAutism_3_25,SB,MixedASDwithDelay_3_56,MX,0.8295
SocialBehavioralAutism_3_25,SB,MixedASDwithDelay_4_88,MX,0.9665
SocialBehavioralAutism_3_26,SB,MixedASDwithDelay_3_41,MX,0.6253
SocialBehavioralAutism_3_26,SB,MixedASDwithDelay_3_51,MX,0.8548
SocialBehavioralAutism_3_26,SB,MixedASDwithDelay_4_88,MX,0.9933
SocialBehavioralAutism_3_29,SB,MixedASDwithDelay_2_10,MX,0.9783
SocialBehavioralAutism_3_29,SB,MixedASDwithDelay_3_40,MX,0.9416
SocialBehavioralAutism_3_29,SB,MixedASDwithDelay_3_48,MX,0.593
SocialBehavioralAutism_3_29,SB,MixedASDwithDelay_3_56,MX,0.9674
SocialBehavioralAutism_3_29,SB,MixedASDwithDelay_5_219,MX,0.9622
SocialBehavioralAutism_3_31,SB,MixedASDwithDelay_2_16,MX,0.7967
SocialBehavioralAutism_3_31,SB,MixedASDwithDelay_3_27,MX,0.9047
SocialBehavioralAutism_3_31,SB,MixedASDwithDelay_4_94,MX,0.8506
SocialBehavioralAutism_3_31,SB,MixedASDwithDelay_5_212,MX,0.8347
SocialBehavioralAutism_3_31,SB,MixedASDwithDelay_5_232,MX,0.8967
SocialBehavioralAutism_3_36,SB,MixedASDwithDelay_2_11,MX,0.5602
SocialBehavioralAutism_3_36,SB,MixedASDwithDelay_5_232,MX,0.9858
SocialBehavioralAutism_3_37,SB,MixedASDwithDelay_4_126,MX,0.8159
SocialBehavioralAutism_3_37,SB,MixedASDwithDelay_5_169,MX,0.9892
SocialBehavioralAutism_3_43,SB,MixedASDwithDelay_2_10,MX,0.9823
SocialBehavioralAutism_3_43,SB,MixedASDwithDelay_3_44,MX,0.9074
SocialBehavioralAutism_3_43,SB,MixedASDwithDelay_3_56,MX,0.9953
SocialBehavioralAutism_3_43,SB,MixedASDwithDelay_4_110,MX,0.6181
SocialBehavioralAutism_3_43,SB,MixedASDwithDelay_5_219,MX,0.9458
SocialBehavioralAutism_3_44,SB,MixedASDwithDelay_4_118,MX,0.8807
SocialBehavioralAutism_3_44,SB,MixedASDwithDelay_4_130,MX,0.6132
SocialBehavioralAutism_3_44,SB,MixedASDwithDelay_5_165,MX,0.9963
SocialBehavioralAutism_3_44,SB,MixedASDwithDelay_5_171,MX,0.9957
SocialBehavioralAutism_3_44,SB,MixedASDwithDelay_5_182,MX,0.7459
SocialBehavioralAutism_3_45,SB,MixedASDwithDelay_3_27,MX,0.9932
SocialBehavioralAutism_3_45,SB,MixedASDwithDelay_3_32,MX,0.9904
SocialBehavioralAutism_3_47,SB,MixedASDwithDelay_2_18,MX,0.9959
SocialBehavioralAutism_3_50,SB,MixedASDwithDelay_2_10,MX,0.9965
SocialBehavioralAutism_3_50,SB,MixedASDwithDelay_3_44,MX,0.6349
SocialBehavioralAutism_3_50,SB,MixedASDwithDelay_3_48,MX,0.5551
SocialBehavioralAutism_3_50,SB,MixedASDwithDelay_3_56,MX,0.9823
SocialBehavioralAutism_3_50,SB,MixedASDwithDelay_5_219,MX,0.9764
SocialBehavioralAutism_3_54,SB,MixedASDwithDelay_5_242,MX,0.9637
SocialBehavioralAutism_3_55,SB,MixedASDwithDelay_3_34,MX,0.9884
SocialBehavioralAutism_3_55,SB,MixedASDwithDelay_5_180,MX,0.5504
SocialBehavioralAutism_4_58,SB,MixedASDwithDelay_2_16,MX,0.9766
SocialBehavioralAutism_4_58,SB,MixedASDwithDelay_3_27,MX,0.6183
SocialBehavioralAutism_4_61,SB,MixedASDwithDelay_4_88,MX,0.9359
SocialBehavioralAutism_4_61,SB,MixedASDwithDelay_5_219,MX,0.5824
SocialBehavioralAutism_4_63,SB,MixedASDwithDelay_5_169,MX,0.819
SocialBehavioralAutism_4_66,SB,MixedASDwithDelay_3_32,MX,0.9774
SocialBehavioralAutism_4_66,SB,MixedASDwithDelay_4_94,MX,0.9938
SocialBehavioralAutism_4_71,SB,MixedASDwithDelay_2_12,MX,0.956
SocialBehavioralAutism_4_77,SB,MixedASDwithDelay_4_152,MX,0.9947
SocialBehavioralAutism_4_78,SB,MixedASDwithDelay_3_63,MX,0.9917
SocialBehavioralAutism_4_83,SB,MixedASDwithDelay_3_40,MX,0.997
SocialBehavioralAutism_4_83,SB,MixedASDwithDelay_3_44,MX,0.8828
SocialBehavioralAutism_4_83,SB,MixedASDwithDelay_3_48,MX,0.9616
SocialBehavioralAutism_4_83,SB,MixedASDwithDelay_5_178,MX,0.9447
SocialBehavioralAutism_4_84,SB,MixedASDwithDelay_5_201,MX,0.621
SocialBehavioralAutism_4_85,SB,MixedASDwithDelay_5_211,MX,0.9214
SocialBehavioralAutism_4_90,SB,MixedASDwithDelay_4_65,MX,0.9955
SocialBehavioralAutism_4_90,SB,MixedASDwithDelay_4_140,MX,0.606
SocialBehavioralAutism_4_90,SB,MixedASDwithDelay_5_188,MX,0.9233
SocialBehavioralAutism_4_94,SB,MixedASDwithDelay_1_1,MX,0.9967
SocialBehavioralAutism_4_94,SB,MixedASDwithDelay_2_5,MX,0.9002
SocialBehavioralAutism_4_94,SB,MixedASDwithDelay_3_37,MX,0.9976
SocialBehavioralAutism_4_94,SB,MixedASDwithDelay_5_168,MX,0.997
SocialBehavioralAutism_4_97,SB,MixedASDwithDelay_3_54,MX,0.878
SocialBehavioralAutism_4_97,SB,MixedASDwithDelay_4_141,MX,0.9928
SocialBehavioralAutism_4_97,SB,MixedASDwithDelay_4_148,MX,0.9474
SocialBehavioralAutism_4_97,SB,MixedASDwithDelay_5_234,MX,0.995
SocialBehavioralAutism_4_100,SB,MixedASDwithDelay_5_193,MX,0.9949
SocialBehavioralAutism_4_103,SB,MixedASDwithDelay_3_51,MX,0.9073
SocialBehavioralAutism_4_103,SB,MixedASDwithDelay_4_92,MX,0.946
SocialBehavioralAutism_4_103,SB,MixedASDwithDelay_5_169,MX,0.9889
SocialBehavioralAutism_4_105,SB,MixedASDwithDelay_4_65,MX,0.9876
SocialBehavioralAutism_4_105,SB,MixedASDwithDelay_4_116,MX,0.8443
SocialBehavioralAutism_4_105,SB,MixedASDwithDelay_4_140,MX,0.9743
SocialBehavioralAutism_4_108,SB,MixedASDwithDelay_4_132,MX,0.9964
SocialBehavioralAutism_4_112,SB,MixedASDwithDelay_2_10,MX,0.9324
SocialBehavioralAutism_4_112,SB,MixedASDwithDelay_3_39,MX,0.9852
SocialBehavioralAutism_4_112,SB,MixedASDwithDelay_4_88,MX,0.927
SocialBehavioralAutism_4_114,SB,MixedASDwithDelay_3_25,MX,0.5961
SocialBehavioralAutism_4_122,SB,MixedASDwithDelay_4_90,MX,0.9976
SocialBehavioralAutism_4_122,SB,MixedASDwithDelay_5_197,MX,0.7366
SocialBehavioralAutism_4_124,SB,MixedASDwithDelay_3_35,MX,0.5866
SocialBehavioralAutism_4_126,SB,MixedASDwithDelay_1_4,MX,0.9874
SocialBehavioralAutism_4_126,SB,MixedASDwithDelay_2_11,MX,0.9981
SocialBehavioralAutism_4_126,SB,MixedASDwithDelay_4_136,MX,0.9693
SocialBehavioralAutism_4_127,SB,MixedASDwithDelay_3_38,MX,0.642
SocialBehavioralAutism_4_127,SB,MixedASDwithDelay_3_56,MX,0.7792
SocialBehavioralAutism_4_127,SB,MixedASDwithDelay_4_82,MX,0.9681
SocialBehavioralAutism_4_128,SB,MixedASDwithDelay_4_87,MX,0.9852
SocialBehavioralAutism_4_128,SB,MixedASDwithDelay_4_89,MX,0.9218
SocialBehavioralAutism_4_130,SB,MixedASDwithDelay_4_92,MX,0.5626
SocialBehavioralAutism_4_130,SB,MixedASDwithDelay_5_169,MX,0.6471
SocialBehavioralAutism_4_131,SB,MixedASDwithDelay_5_183,MX,0.9881
SocialBehavioralAutism_4_135,SB,MixedASDwithDelay_3_63,MX,0.8325
SocialBehavioralAutism_4_135,SB,MixedASDwithDelay_4_69,MX,0.9929
SocialBehavioralAutism_4_138,SB,MixedASDwithDelay_3_43,MX,0.996
SocialBehavioralAutism_4_138,SB,MixedASDwithDelay_4_89,MX,0.9894
SocialBehavioralAutism_5_142,SB,MixedASDwithDelay_3_39,MX,0.9977
SocialBehavioralAutism_5_142,SB,MixedASDwithDelay_3_63,MX,0.9296
SocialBehavioralAutism_5_142,SB,MixedASDwithDelay_4_94,MX,0.9968
SocialBehavioralAutism_4_148,SB,MixedASDwithDelay_5_183,MX,0.9835
SocialBehavioralAutism_4_153,SB,MixedASDwithDelay_5_197,MX,0.8492
SocialBehavioralAutism_4_153,SB,MixedASDwithDelay_5_232,MX,0.9108
SocialBehavioralAutism_4_155,SB,MixedASDwithDelay_2_16,MX,0.9974
SocialBehavioralAutism_4_155,SB,MixedASDwithDelay_4_94,MX,0.9862
SocialBehavioralAutism_5_162,SB,MixedASDwithDelay_3_39,MX,0.9947
SocialBehavioralAutism_5_162,SB,MixedASDwithDelay_4_88,MX,0.9711
SocialBehavioralAutism_5_162,SB,MixedASDwithDelay_5_232,MX,0.753
SocialBehavioralAutism_5_164,SB,MixedASDwithDelay_4_136,MX,0.9796
SocialBehavioralAutism_5_164,SB,MixedASDwithDelay_5_241,MX,0.9335
SocialBehavioralAutism_5_169,SB,MixedASDwithDelay_4_121,MX,0.9881
SocialBehavioralAutism_5_171,SB,MixedASDwithDelay_0_0,MX,0.746
SocialBehavioralAutism_5_172,SB,MixedASDwithDelay_5_212,MX,0.9766
SocialBehavioralAutism_5_174,SB,MixedASDwithDelay_2_8,MX,0.9934
SocialBehavioralAutism_5_174,SB,MixedASDwithDelay_2_13,MX,0.9734
SocialBehavioralAutism_5_180,SB,MixedASDwithDelay_5_197,MX,0.7713
SocialBehavioralAutism_5_185,SB,MixedASDwithDelay_3_39,MX,0.8867
SocialBehavioralAutism_5_185,SB,MixedASDwithDelay_5_173,MX,0.9502
SocialBehavioralAutism_5_191,SB,MixedASDwithDelay_0_0,MX,0.7683
SocialBehavioralAutism_5_194,SB,MixedASDwithDelay_3_57,MX,0.8076
SocialBehavioralAutism_5_194,SB,MixedASDwithDelay_4_118,MX,0.9849
SocialBehavioralAutism_5_194,SB,MixedASDwithDelay_4_130,MX,0.9549
SocialBehavioralAutism_5_195,SB,MixedASDwithDelay_2_13,MX,0.9969
SocialBehavioralAutism_5_195,SB,MixedASDwithDelay_3_22,MX,0.9366
SocialBehavioralAutism_5_195,SB,MixedASDwithDelay_4_141,MX,0.9919
SocialBehavioralAutism_5_195,SB,MixedASDwithDelay_4_148,MX,0.87
SocialBehavioralAutism_5_195,SB,MixedASDwithDelay_5_166,MX,0.7616
SocialBehavioralAutism_5_195,SB,MixedASDwithDelay_5_234,MX,0.992
SocialBehavioralAutism_5_196,SB,MixedASDwithDelay_2_13,MX,0.8438
SocialBehavioralAutism_5_196,SB,MixedASDwithDelay_3_34,MX,0.9954
SocialBehavioralAutism_5_196,SB,MixedASDwithDelay_5_166,MX,0.9776
SocialBehavioralAutism_5_196,SB,MixedASDwithDelay_5_180,MX,0.8668
SocialBehavioralAutism_5_206,SB,MixedASDwithDelay_2_11,MX,0.9573
SocialBehavioralAutism_5_206,SB,MixedASDwithDelay_3_39,MX,0.5754
SocialBehavioralAutism_5_206,SB,MixedASDwithDelay_4_100,MX,0.5927
SocialBehavioralAutism_5_206,SB,MixedASDwithDelay_4_136,MX,0.9908
SocialBehavioralAutism_5_206,SB,MixedASDwithDelay_5_232,MX,0.5986
SocialBehavioralAutism_5_207,SB,MixedASDwithDelay_3_39,MX,0.9692
SocialBehavioralAutism_5_207,SB,MixedASDwithDelay_4_94,MX,0.9878
SocialBehavioralAutism_5_211,SB,MixedASDwithDelay_3_46,MX,0.9973
SocialBehavioralAutism_5_211,SB,MixedASDwithDelay_4_83,MX,0.9699
SocialBehavioralAutism_5_214,SB,MixedASDwithDelay_4_118,MX,0.9809
SocialBehavioralAutism_5_214,SB,MixedASDwithDelay_4_130,MX,0.8318
SocialBehavioralAutism_5_214,SB,MixedASDwithDelay_5_165,MX,0.9974
SocialBehavioralAutism_5_214,SB,MixedASDwithDelay_5_171,MX,0.9957
SocialBehavioralAutism_5_214,SB,MixedASDwithDelay_5_182,MX,0.9843
SocialBehavioralAutism_5_217,SB,MixedASDwithDelay_5_165,MX,0.9061
SocialBehavioralAutism_5_217,SB,MixedASDwithDelay_5_171,MX,0.9646
SocialBehavioralAutism_5_219,SB,MixedASDwithDelay_2_10,MX,0.5998
SocialBehavioralAutism_5_219,SB,MixedASDwithDelay_3_38,MX,0.9317
SocialBehavioralAutism_5_219,SB,MixedASDwithDelay_3_44,MX,0.9365
SocialBehavioralAutism_5_219,SB,MixedASDwithDelay_3_48,MX,0.9693
SocialBehavioralAutism_5_219,SB,MixedASDwithDelay_5_219,MX,0.8955
SocialBehavioralAutism_5_220,SB,MixedASDwithDelay_3_35,MX,0.9619
SocialBehavioralAutism_5_220,SB,MixedASDwithDelay_4_108,MX,0.9754
SocialBehavioralAutism_5_221,SB,MixedASDwithDelay_3_41,MX,0.9172
SocialBehavioralAutism_5_221,SB,MixedASDwithDelay_4_88,MX,0.9948
SocialBehavioralAutism_5_224,SB,MixedASDwithDelay_2_20,MX,0.5844
SocialBehavioralAutism_5_224,SB,MixedASDwithDelay_4_136,MX,0.9848
SocialBehavioralAutism_5_224,SB,MixedASDwithDelay_5_232,MX,0.9816
SocialBehavioralAutism_5_225,SB,MixedASDwithDelay_3_48,MX,0.5955
SocialBehavioralAutism_5_225,SB,MixedASDwithDelay_4_87,MX,0.9474
SocialBehavioralAutism_5_226,SB,MixedASDwithDelay_4_104,MX,0.9856
SocialBehavioralAutism_5_226,SB,MixedASDwithDelay_5_242,MX,0.986
SocialBehavioralAutism_5_228,SB,MixedASDwithDelay_4_83,MX,0.8942
SocialBehavioralAutism_5_232,SB,MixedASDwithDelay_5_196,MX,0.9828
SocialBehavioralAutism_5_233,SB,MixedASDwithDelay_4_132,MX,0.8529
SocialBehavioralAutism_1_2,SB,ModerateAutism_1_1,MO,0.8267
SocialBehavioralAutism_1_2,SB,ModerateAutism_2_8,MO,0.6814
SocialBehavioralAutism_1_2,SB,ModerateAutism_3_29,MO,0.9897
SocialBehavioralAutism_1_2,SB,ModerateAutism_4_122,MO,0.9921
SocialBehavioralAutism_1_2,SB,ModerateAutism_4_127,MO,0.943
SocialBehavioralAutism_1_2,SB,ModerateAutism_4_130,MO,0.6713
SocialBehavioralAutism_1_4,SB,ModerateAutism_2_11,MO,0.9955
SocialBehavioralAutism_1_4,SB,ModerateAutism_2_20,MO,0.9957
SocialBehavioralAutism_1_4,SB,ModerateAutism_4_75,MO,0.8418
SocialBehavioralAutism_1_4,SB,ModerateAutism_4_97,MO,0.9471
SocialBehavioralAutism_1_4,SB,ModerateAutism_4_182,MO,0.9797
SocialBehavioralAutism_1_4,SB,ModerateAutism_4_196,MO,0.5702
SocialBehavioralAutism_2_5,SB,ModerateAutism_1_2,MO,0.5784
SocialBehavioralAutism_2_5,SB,ModerateAutism_3_28,MO,0.9868
SocialBehavioralAutism_2_5,SB,ModerateAutism_3_49,MO,0.8967
SocialBehavioralAutism_2_5,SB,ModerateAutism_3_65,MO,0.9154
SocialBehavioralAutism_2_5,SB,ModerateAutism_4_108,MO,0.9278
SocialBehavioralAutism_2_5,SB,ModerateAutism_4_147,MO,0.9767
SocialBehavioralAutism_2_5,SB,ModerateAutism_4_183,MO,0.6743
SocialBehavioralAutism_2_6,SB,ModerateAutism_1_1,MO,0.9458
SocialBehavioralAutism_2_6,SB,ModerateAutism_2_8,MO,0.995
SocialBehavioralAutism_2_6,SB,ModerateAutism_4_122,MO,0.9898
SocialBehavioralAutism_2_6,SB,ModerateAutism_4_127,MO,0.9901
SocialBehavioralAutism_2_6,SB,ModerateAutism_4_130,MO,0.9971
SocialBehavioralAutism_2_8,SB,ModerateAutism_3_46,MO,0.9972
SocialBehavioralAutism_2_8,SB,ModerateAutism_4_77,MO,0.9849
SocialBehavioralAutism_2_11,SB,ModerateAutism_4_120,MO,0.9657
SocialBehavioralAutism_2_11,SB,ModerateAutism_4_124,MO,0.9849
SocialBehavioralAutism_2_18,SB,ModerateAutism_3_70,MO,0.9567
SocialBehavioralAutism_2_19,SB,ModerateAutism_1_2,MO,0.9797
SocialBehavioralAutism_2_19,SB,ModerateAutism_1_4,MO,0.5548
SocialBehavioralAutism_2_19,SB,ModerateAutism_3_49,MO,0.991
SocialBehavioralAutism_2_19,SB,ModerateAutism_4_108,MO,0.9913
SocialBehavioralAutism_2_20,SB,ModerateAutism_3_53,MO,0.9928
SocialBehavioralAutism_2_20,SB,ModerateAutism_4_159,MO,0.9954
SocialBehavioralAutism_3_21,SB,ModerateAutism_1_1,MO,0.9898
SocialBehavioralAutism_3_21,SB,ModerateAutism_3_29,MO,0.5717
SocialBehavioralAutism_3_21,SB,ModerateAutism_4_89,MO,0.7628
SocialBehavioralAutism_3_21,SB,ModerateAutism_4_122,MO,0.9876
SocialBehavioralAutism_3_21,SB,ModerateAutism_4_130,MO,0.9355
SocialBehavioralAutism_3_25,SB,ModerateAutism_1_3,MO,0.5596
SocialBehavioralAutism_3_25,SB,ModerateAutism_3_26,MO,0.7089
SocialBehavioralAutism_3_25,SB,ModerateAutism_3_30,MO,0.8776
SocialBehavioralAutism_3_25,SB,ModerateAutism_3_42,MO,0.8576
SocialBehavioralAutism_3_25,SB,ModerateAutism_4_78,MO,0.6279
SocialBehavioralAutism_3_25,SB,ModerateAutism_4_114,MO,0.9765
SocialBehavioralAutism_3_25,SB,ModerateAutism_4_155,MO,0.8165
SocialBehavioralAutism_3_25,SB,ModerateAutism_4_163,MO,0.9311
SocialBehavioralAutism_3_25,SB,ModerateAutism_4_181,MO,0.9408
SocialBehavioralAutism_3_26,SB,ModerateAutism_4_78,MO,0.9983
SocialBehavioralAutism_3_26,SB,ModerateAutism_4_83,MO,0.5674
SocialBehavioralAutism_3_27,SB,ModerateAutism_4_116,MO,0.9977
SocialBehavioralAutism_3_29,SB,ModerateAutism_2_14,MO,0.8815
SocialBehavioralAutism_3_29,SB,ModerateAutism_3_42,MO,0.7559
SocialBehavioralAutism_3_29,SB,ModerateAutism_3_50,MO,0.9878
SocialBehavioralAutism_3_29,SB,ModerateAutism_3_61,MO,0.9477
SocialBehavioralAutism_3_29,SB,ModerateAutism_4_105,MO,0.9892
SocialBehavioralAutism_3_29,SB,ModerateAutism_4_181,MO,0.8659
SocialBehavioralAutism_3_31,SB,ModerateAutism_2_11,MO,0.9775
SocialBehavioralAutism_3_31,SB,ModerateAutism_2_20,MO,0.9804
SocialBehavioralAutism_3_31,SB,ModerateAutism_4_101,MO,0.9356
SocialBehavioralAutism_3_31,SB,ModerateAutism_4_182,MO,0.9879
SocialBehavioralAutism_3_34,SB,ModerateAutism_3_23,MO,0.9678
SocialBehavioralAutism_3_34,SB,ModerateAutism_4_183,MO,0.9977
SocialBehavioralAutism_3_35,SB,ModerateAutism_4_99,MO,0.7231
SocialBehavioralAutism_3_35,SB,ModerateAutism_4_151,MO,0.876
SocialBehavioralAutism_3_36,SB,ModerateAutism_4_124,MO,0.9705
SocialBehavioralAutism_3_37,SB,ModerateAutism_4_77,MO,0.9949
SocialBehavioralAutism_3_37,SB,ModerateAutism_4_78,MO,0.5949
SocialBehavioralAutism_3_37,SB,ModerateAutism_4_114,MO,0.6868
SocialBehavioralAutism_3_37,SB,ModerateAutism_4_182,MO,0.668
SocialBehavioralAutism_3_37,SB,ModerateAutism_4_212,MO,0.7031
SocialBehavioralAutism_3_40,SB,ModerateAutism_2_20,MO,0.9426
SocialBehavioralAutism_3_43,SB,ModerateAutism_2_9,MO,0.971
SocialBehavioralAutism_3_43,SB,ModerateAutism_2_14,MO,0.9948
SocialBehavioralAutism_3_43,SB,ModerateAutism_3_42,MO,0.9892
SocialBehavioralAutism_3_43,SB,ModerateAutism_4_102,MO,0.9145
SocialBehavioralAutism_3_43,SB,ModerateAutism_4_121,MO,0.9497
SocialBehavioralAutism_3_43,SB,ModerateAutism_4_181,MO,0.9964
SocialBehavioralAutism_3_44,SB,ModerateAutism_3_57,MO,0.9929
SocialBehavioralAutism_3_44,SB,ModerateAutism_4_128,MO,0.9959
SocialBehavioralAutism_3_44,SB,ModerateAutism_4_175,MO,0.9858
SocialBehavioralAutism_3_45,SB,ModerateAutism_2_20,MO,0.9429
SocialBehavioralAutism_3_47,SB,ModerateAutism_3_56,MO,0.6803
SocialBehavioralAutism_3_48,SB,ModerateAutism_3_66,MO,0.9835
SocialBehavioralAutism_3_48,SB,ModerateAutism_4_109,MO,0.7947
SocialBehavioralAutism_3_50,SB,ModerateAutism_2_9,MO,0.9702
SocialBehavioralAutism_3_50,SB,ModerateAutism_2_14,MO,0.996
SocialBehavioralAutism_3_50,SB,ModerateAutism_3_42,MO,0.9954
SocialBehavioralAutism_3_50,SB,ModerateAutism_4_102,MO,0.5895
SocialBehavioralAutism_3_50,SB,ModerateAutism_4_105,MO,0.9717
SocialBehavioralAutism_3_50,SB,ModerateAutism_4_181,MO,0.9903
SocialBehavioralAutism_3_55,SB,ModerateAutism_4_147,MO,0.9638
SocialBehavioralAutism_3_55,SB,ModerateAutism_4_195,MO,0.9964
SocialBehavioralAutism_3_57,SB,ModerateAutism_4_167,MO,0.7232
SocialBehavioralAutism_4_58,SB,ModerateAutism_2_20,MO,0.8893
SocialBehavioralAutism_4_58,SB,ModerateAutism_4_190,MO,0.9721
SocialBehavioralAutism_4_62,SB,ModerateAutism_4_82,MO,0.9949
SocialBehavioralAutism_4_62,SB,ModerateAutism_4_94,MO,0.997
SocialBehavioralAutism_4_62,SB,ModerateAutism_4_102,MO,0.6044
SocialBehavioralAutism_4_63,SB,ModerateAutism_3_26,MO,0.564
SocialBehavioralAutism_4_63,SB,ModerateAutism_4_77,MO,0.9867
SocialBehavioralAutism_4_66,SB,ModerateAutism_2_11,MO,0.5648
SocialBehavioralAutism_4_66,SB,ModerateAutism_2_20,MO,0.8145
SocialBehavioralAutism_4_67,SB,ModerateAutism_4_77,MO,0.977
SocialBehavioralAutism_4_77,SB,ModerateAutism_2_17,MO,0.9542
SocialBehavioralAutism_4_78,SB,ModerateAutism_4_210,MO,0.5594
SocialBehavioralAutism_4_83,SB,ModerateAutism_2_14,MO,0.9809
SocialBehavioralAutism_4_83,SB,ModerateAutism_3_37,MO,0.596
SocialBehavioralAutism_4_83,SB,ModerateAutism_3_42,MO,0.9973
SocialBehavioralAutism_4_83,SB,ModerateAutism_3_50,MO,0.9282
SocialBehavioralAutism_4_83,SB,ModerateAutism_3_61,MO,0.9736
SocialBehavioralAutism_4_83,SB,ModerateAutism_4_94,MO,0.8421
SocialBehavioralAutism_4_83,SB,ModerateAutism_4_102,MO,0.954
SocialBehavioralAutism_4_83,SB,ModerateAutism_4_140,MO,0.8924
SocialBehavioralAutism_4_84,SB,ModerateAutism_4_159,MO,0.9952
SocialBehavioralAutism_4_85,SB,ModerateAutism_2_5,MO,0.9803
SocialBehavioralAutism_4_89,SB,ModerateAutism_4_121,MO,0.8401
SocialBehavioralAutism_4_89,SB,ModerateAutism_4_193,MO,0.9153
SocialBehavioralAutism_4_90,SB,ModerateAutism_1_2,MO,0.6192
SocialBehavioralAutism_4_90,SB,ModerateAutism_1_4,MO,0.9528
SocialBehavioralAutism_4_90,SB,ModerateAutism_2_10,MO,0.9977
SocialBehavioralAutism_4_90,SB,ModerateAutism_3_26,MO,0.5558
SocialBehavioralAutism_4_90,SB,ModerateAutism_3_37,MO,0.9769
SocialBehavioralAutism_4_90,SB,ModerateAutism_4_108,MO,0.6236
SocialBehavioralAutism_4_90,SB,ModerateAutism_4_120,MO,0.6361
SocialBehavioralAutism_4_90,SB,ModerateAutism_4_140,MO,0.5854
SocialBehavioralAutism_4_90,SB,ModerateAutism_4_147,MO,0.9925
SocialBehavioralAutism_4_90,SB,ModerateAutism_4_182,MO,0.6889
SocialBehavioralAutism_4_94,SB,ModerateAutism_1_1,MO,0.9967
SocialBehavioralAutism_4_94,SB,ModerateAutism_2_8,MO,0.9977
SocialBehavioralAutism_4_94,SB,ModerateAutism_3_29,MO,0.9635
SocialBehavioralAutism_4_94,SB,ModerateAutism_4_122,MO,0.9824
SocialBehavioralAutism_4_94,SB,ModerateAutism_4_127,MO,0.9929
SocialBehavioralAutism_4_94,SB,ModerateAutism_4_130,MO,0.9977
SocialBehavioralAutism_4_96,SB,ModerateAutism_4_76,MO,0.8881
SocialBehavioralAutism_4_97,SB,ModerateAutism_3_23,MO,0.8535
SocialBehavioralAutism_4_97,SB,ModerateAutism_3_28,MO,0.8934
SocialBehavioralAutism_4_97,SB,ModerateAutism_3_69,MO,0.9934
SocialBehavioralAutism_4_100,SB,ModerateAutism_4_174,MO,0.9813
SocialBehavioralAutism_4_103,SB,ModerateAutism_4_77,MO,0.9858
SocialBehavioralAutism_4_103,SB,ModerateAutism_4_114,MO,0.9011
SocialBehavioralAutism_4_103,SB,ModerateAutism_4_115,MO,0.5644
SocialBehavioralAutism_4_103,SB,ModerateAutism_4_212,MO,0.6431
SocialBehavioralAutism_4_105,SB,ModerateAutism_1_4,MO,0.7358
SocialBehavioralAutism_4_105,SB,ModerateAutism_2_10,MO,0.9947
SocialBehavioralAutism_4_105,SB,ModerateAutism_3_26,MO,0.9911
SocialBehavioralAutism_4_105,SB,ModerateAutism_3_60,MO,0.5949
SocialBehavioralAutism_4_105,SB,ModerateAutism_4_117,MO,0.9851
SocialBehavioralAutism_4_105,SB,ModerateAutism_4_177,MO,0.9838
SocialBehavioralAutism_4_107,SB,ModerateAutism_3_44,MO,0.5851
SocialBehavioralAutism_4_107,SB,ModerateAutism_4_109,MO,0.918
SocialBehavioralAutism_4_108,SB,ModerateAutism_4_117,MO,0.5602
SocialBehavioralAutism_4_108,SB,ModerateAutism_4_166,MO,0.6617
SocialBehavioralAutism_4_112,SB,ModerateAutism_2_14,MO,0.9559
SocialBehavioralAutism_4_112,SB,ModerateAutism_3_26,MO,0.7927
SocialBehavioralAutism_4_112,SB,ModerateAutism_3_42,MO,0.9267
SocialBehavioralAutism_4_112,SB,ModerateAutism_4_102,MO,0.8569
SocialBehavioralAutism_4_112,SB,ModerateAutism_4_114,MO,0.9517
SocialBehavioralAutism_4_112,SB,ModerateAutism_4_121,MO,0.9262
SocialBehavioralAutism_4_112,SB,ModerateAutism_4_135,MO,0.6556
SocialBehavioralAutism_4_112,SB,ModerateAutism_4_155,MO,0.9917
SocialBehavioralAutism_4_112,SB,ModerateAutism_4_163,MO,0.9865
SocialBehavioralAutism_4_112,SB,ModerateAutism_4_181,MO,0.9043
SocialBehavioralAutism_4_112,SB,ModerateAutism_4_182,MO,0.9887
SocialBehavioralAutism_4_115,SB,ModerateAutism_3_45,MO,0.998
SocialBehavioralAutism_4_115,SB,ModerateAutism_4_75,MO,0.974
SocialBehavioralAutism_4_121,SB,ModerateAutism_4_159,MO,0.9939
SocialBehavioralAutism_4_121,SB,ModerateAutism_4_173,MO,0.9335
SocialBehavioralAutism_4_122,SB,ModerateAutism_4_112,MO,0.6225
SocialBehavioralAutism_4_122,SB,ModerateAutism_4_117,MO,0.5551
SocialBehavioralAutism_4_124,SB,ModerateAutism_3_53,MO,0.9863
SocialBehavioralAutism_4_124,SB,ModerateAutism_4_159,MO,0.9925
SocialBehavioralAutism_4_126,SB,ModerateAutism_3_26,MO,0.9495
SocialBehavioralAutism_4_126,SB,ModerateAutism_3_68,MO,0.9954
SocialBehavioralAutism_4_126,SB,ModerateAutism_4_75,MO,0.9786
SocialBehavioralAutism_4_126,SB,ModerateAutism_4_117,MO,0.9768
SocialBehavioralAutism_4_126,SB,ModerateAutism_4_203,MO,0.9922
SocialBehavioralAutism_4_127,SB,ModerateAutism_2_9,MO,0.9682
SocialBehavioralAutism_4_127,SB,ModerateAutism_4_181,MO,0.6972
SocialBehavioralAutism_4_128,SB,ModerateAutism_3_46,MO,0.9964
SocialBehavioralAutism_4_131,SB,ModerateAutism_2_5,MO,0.894
SocialBehavioralAutism_4_138,SB,ModerateAutism_3_46,MO,0.9872
SocialBehavioralAutism_4_138,SB,ModerateAutism_4_77,MO,0.5677
SocialBehavioralAutism_4_138,SB,ModerateAutism_4_78,MO,0.7213
SocialBehavioralAutism_4_138,SB,ModerateAutism_4_185,MO,0.9903
SocialBehavioralAutism_5_141,SB,ModerateAutism_4_159,MO,0.9856
SocialBehavioralAutism_5_142,SB,ModerateAutism_4_140,MO,0.9846
SocialBehavioralAutism_5_142,SB,ModerateAutism_4_147,MO,0.9672
SocialBehavioralAutism_5_142,SB,ModerateAutism_4_205,MO,0.587
SocialBehavioralAutism_5_144,SB,ModerateAutism_4_87,MO,0.9856
SocialBehavioralAutism_4_148,SB,ModerateAutism_3_66,MO,0.9213
SocialBehavioralAutism_4_148,SB,ModerateAutism_4_109,MO,0.9809
SocialBehavioralAutism_4_153,SB,ModerateAutism_3_45,MO,0.9806
SocialBehavioralAutism_4_153,SB,ModerateAutism_4_75,MO,0.945
SocialBehavioralAutism_4_153,SB,ModerateAutism_4_76,MO,0.8104
SocialBehavioralAutism_4_155,SB,ModerateAutism_2_11,MO,0.997
SocialBehavioralAutism_4_155,SB,ModerateAutism_2_20,MO,0.9934
SocialBehavioralAutism_4_155,SB,ModerateAutism_4_182,MO,0.7467
SocialBehavioralAutism_5_162,SB,ModerateAutism_3_30,MO,0.5799
SocialBehavioralAutism_5_162,SB,ModerateAutism_3_37,MO,0.673
SocialBehavioralAutism_5_162,SB,ModerateAutism_3_43,MO,0.7363
SocialBehavioralAutism_5_162,SB,ModerateAutism_4_75,MO,0.6994
SocialBehavioralAutism_5_162,SB,ModerateAutism_4_77,MO,0.625
SocialBehavioralAutism_5_162,SB,ModerateAutism_4_114,MO,0.554
SocialBehavioralAutism_5_162,SB,ModerateAutism_4_117,MO,0.6977
SocialBehavioralAutism_5_162,SB,ModerateAutism_4_140,MO,0.9932
SocialBehavioralAutism_5_162,SB,ModerateAutism_4_155,MO,0.9863
SocialBehavioralAutism_5_162,SB,ModerateAutism_4_163,MO,0.9925
SocialBehavioralAutism_5_163,SB,ModerateAutism_3_38,MO,0.9908
SocialBehavioralAutism_5_163,SB,ModerateAutism_3_63,MO,0.9656
SocialBehavioralAutism_5_163,SB,ModerateAutism_4_145,MO,0.9677
SocialBehavioralAutism_5_164,SB,ModerateAutism_3_68,MO,0.5894
SocialBehavioralAutism_5_169,SB,ModerateAutism_3_37,MO,0.7511
SocialBehavioralAutism_5_169,SB,ModerateAutism_4_192,MO,0.9881
SocialBehavioralAutism_5_170,SB,ModerateAutism_1_4,MO,0.7404
SocialBehavioralAutism_5_170,SB,ModerateAutism_3_26,MO,0.9555
SocialBehavioralAutism_5_170,SB,ModerateAutism_4_147,MO,0.9547
SocialBehavioralAutism_5_174,SB,ModerateAutism_1_2,MO,0.9374
SocialBehavioralAutism_5_174,SB,ModerateAutism_3_28,MO,0.5556
SocialBehavioralAutism_5_174,SB,ModerateAutism_4_147,MO,0.602
SocialBehavioralAutism_5_175,SB,ModerateAutism_3_53,MO,0.823
SocialBehavioralAutism_5_180,SB,ModerateAutism_4_117,MO,0.9685
SocialBehavioralAutism_5_181,SB,ModerateAutism_1_4,MO,0.9958
SocialBehavioralAutism_5_181,SB,ModerateAutism_3_32,MO,0.9357
SocialBehavioralAutism_5_185,SB,ModerateAutism_4_75,MO,0.6961
SocialBehavioralAutism_5_185,SB,ModerateAutism_4_101,MO,0.9785
SocialBehavioralAutism_5_185,SB,ModerateAutism_4_117,MO,0.8947
SocialBehavioralAutism_5_185,SB,ModerateAutism_4_135,MO,0.5793
SocialBehavioralAutism_5_185,SB,ModerateAutism_4_177,MO,0.7255
SocialBehavioralAutism_5_187,SB,ModerateAutism_4_159,MO,0.9732
SocialBehavioralAutism_5_194,SB,ModerateAutism_3_57,MO,0.8865
SocialBehavioralAutism_5_194,SB,ModerateAutism_4_128,MO,0.7727
SocialBehavioralAutism_5_194,SB,ModerateAutism_4_166,MO,0.9383
SocialBehavioralAutism_5_194,SB,ModerateAutism_4_175,MO,0.9749
SocialBehavioralAutism_5_195,SB,ModerateAutism_3_65,MO,0.991
SocialBehavioralAutism_5_195,SB,ModerateAutism_3_69,MO,0.9933
SocialBehavioralAutism_5_195,SB,ModerateAutism_4_169,MO,0.6048
SocialBehavioralAutism_5_195,SB,ModerateAutism_4_194,MO,0.9829
SocialBehavioralAutism_5_195,SB,ModerateAutism_4_204,MO,0.9272
SocialBehavioralAutism_5_196,SB,ModerateAutism_4_195,MO,0.9847
SocialBehavioralAutism_5_206,SB,ModerateAutism_3_32,MO,0.97
SocialBehavioralAutism_5_206,SB,ModerateAutism_3_68,MO,0.9952
SocialBehavioralAutism_5_206,SB,ModerateAutism_4_75,MO,0.9099
SocialBehavioralAutism_5_206,SB,ModerateAutism_4_117,MO,0.9795
SocialBehavioralAutism_5_206,SB,ModerateAutism_4_124,MO,0.9961
SocialBehavioralAutism_5_206,SB,ModerateAutism_4_177,MO,0.987
SocialBehavioralAutism_5_207,SB,ModerateAutism_4_182,MO,0.9761
SocialBehavioralAutism_5_210,SB,ModerateAutism_2_19,MO,0.9941
SocialBehavioralAutism_5_210,SB,ModerateAutism_4_109,MO,0.994
SocialBehavioralAutism_5_211,SB,ModerateAutism_3_72,MO,0.9969
SocialBehavioralAutism_5_211,SB,ModerateAutism_4_98,MO,0.9974
SocialBehavioralAutism_5_211,SB,ModerateAutism_4_161,MO,0.9971
SocialBehavioralAutism_5_211,SB,ModerateAutism_4_164,MO,0.9289
SocialBehavioralAutism_5_211,SB,ModerateAutism_4_167,MO,0.9304
SocialBehavioralAutism_5_214,SB,ModerateAutism_3_57,MO,0.9937
SocialBehavioralAutism_5_214,SB,ModerateAutism_4_115,MO,0.6984
SocialBehavioralAutism_5_214,SB,ModerateAutism_4_128,MO,0.9904
SocialBehavioralAutism_5_214,SB,ModerateAutism_4_166,MO,0.9895
SocialBehavioralAutism_5_214,SB,ModerateAutism_4_175,MO,0.6788
SocialBehavioralAutism_5_217,SB,ModerateAutism_3_57,MO,0.9571
SocialBehavioralAutism_5_217,SB,ModerateAutism_4_128,MO,0.9826
SocialBehavioralAutism_5_219,SB,ModerateAutism_2_9,MO,0.9882
SocialBehavioralAutism_5_219,SB,ModerateAutism_2_14,MO,0.9909
SocialBehavioralAutism_5_219,SB,ModerateAutism_3_42,MO,0.9521
SocialBehavioralAutism_5_219,SB,ModerateAutism_4_105,MO,0.8826
SocialBehavioralAutism_5_220,SB,ModerateAutism_4_99,MO,0.9823
SocialBehavioralAutism_5_220,SB,ModerateAutism_4_159,MO,0.9914
SocialBehavioralAutism_5_221,SB,ModerateAutism_1_3,MO,0.885
SocialBehavioralAutism_5_221,SB,ModerateAutism_3_46,MO,0.8839
SocialBehavioralAutism_5_221,SB,ModerateAutism_4_77,MO,0.5669
SocialBehavioralAutism_5_221,SB,ModerateAutism_4_78,MO,0.9978
SocialBehavioralAutism_5_221,SB,ModerateAutism_4_83,MO,0.8146
SocialBehavioralAutism_5_224,SB,ModerateAutism_4_75,MO,0.9471
SocialBehavioralAutism_5_224,SB,ModerateAutism_4_140,MO,0.7397
SocialBehavioralAutism_5_225,SB,ModerateAutism_4_81,MO,0.684
SocialBehavioralAutism_5_225,SB,ModerateAutism_4_185,MO,0.9981
SocialBehavioralAutism_5_226,SB,ModerateAutism_4_112,MO,0.9451
SocialBehavioralAutism_5_226,SB,ModerateAutism_4_117,MO,0.9647
SocialBehavioralAutism_5_228,SB,ModerateAutism_4_164,MO,0.9155
SocialBehavioralAutism_5_228,SB,ModerateAutism_4_167,MO,0.7095
SocialBehavioralAutism_5_232,SB,ModerateAutism_4_137,MO,0.6005
SocialBehavioralAutism_5_232,SB,ModerateAutism_4_154,MO,0.9304
SocialBehavioralAutism_5_233,SB,ModerateAutism_4_75,MO,0.9742
SocialBehavioralAutism_5_235,SB,ModerateAutism_4_193,MO,0.9936
SocialBehavioralAutism_0_0,SB,BroadlyAffectedAutism_5_199,BR,0.6872
SocialBehavioralAutism_1_1,SB,BroadlyAffectedAutism_1_2,BR,0.9964
SocialBehavioralAutism_1_1,SB,BroadlyAffectedAutism_4_68,BR,0.9814
SocialBehavioralAutism_1_1,SB,BroadlyAffectedAutism_4_78,BR,0.8477
SocialBehavioralAutism_1_2,SB,BroadlyAffectedAutism_2_9,BR,0.8267
SocialBehavioralAutism_1_2,SB,BroadlyAffectedAutism_3_32,BR,0.6713
SocialBehavioralAutism_1_2,SB,BroadlyAffectedAutism_5_142,BR,0.6618
SocialBehavioralAutism_1_3,SB,BroadlyAffectedAutism_2_14,BR,0.9926
SocialBehavioralAutism_1_3,SB,BroadlyAffectedAutism_5_103,BR,0.9973
SocialBehavioralAutism_1_4,SB,BroadlyAffectedAutism_1_4,BR,0.9969
SocialBehavioralAutism_1_4,SB,BroadlyAffectedAutism_3_50,BR,0.9775
SocialBehavioralAutism_1_4,SB,BroadlyAffectedAutism_4_81,BR,0.9754
SocialBehavioralAutism_1_4,SB,BroadlyAffectedAutism_5_98,BR,0.5756
SocialBehavioralAutism_1_4,SB,BroadlyAffectedAutism_5_159,BR,0.8485
SocialBehavioralAutism_2_5,SB,BroadlyAffectedAutism_2_7,BR,0.9978
SocialBehavioralAutism_2_5,SB,BroadlyAffectedAutism_3_24,BR,0.9875
SocialBehavioralAutism_2_5,SB,BroadlyAffectedAutism_3_39,BR,0.9786
SocialBehavioralAutism_2_5,SB,BroadlyAffectedAutism_5_137,BR,0.9796
SocialBehavioralAutism_2_5,SB,BroadlyAffectedAutism_5_240,BR,0.9049
SocialBehavioralAutism_2_6,SB,BroadlyAffectedAutism_2_9,BR,0.9458
SocialBehavioralAutism_2_6,SB,BroadlyAffectedAutism_3_32,BR,0.9971
SocialBehavioralAutism_2_8,SB,BroadlyAffectedAutism_4_96,BR,0.9948
SocialBehavioralAutism_2_9,SB,BroadlyAffectedAutism_4_54,BR,0.9882
SocialBehavioralAutism_2_10,SB,BroadlyAffectedAutism_3_21,BR,0.9917
SocialBehavioralAutism_2_11,SB,BroadlyAffectedAutism_3_27,BR,0.9702
SocialBehavioralAutism_2_11,SB,BroadlyAffectedAutism_6_165,BR,0.9836
SocialBehavioralAutism_2_11,SB,BroadlyAffectedAutism_6_247,BR,0.5899
SocialBehavioralAutism_2_12,SB,BroadlyAffectedAutism_3_21,BR,0.9963
SocialBehavioralAutism_2_12,SB,BroadlyAffectedAutism_5_119,BR,0.9929
SocialBehavioralAutism_2_12,SB,BroadlyAffectedAutism_5_150,BR,0.9777
SocialBehavioralAutism_2_14,SB,BroadlyAffectedAutism_0_0,BR,0.5695
SocialBehavioralAutism_2_14,SB,BroadlyAffectedAutism_2_14,BR,0.8798
SocialBehavioralAutism_2_18,SB,BroadlyAffectedAutism_5_159,BR,0.9554
SocialBehavioralAutism_2_19,SB,BroadlyAffectedAutism_2_7,BR,0.9599
SocialBehavioralAutism_2_19,SB,BroadlyAffectedAutism_6_165,BR,0.9753
SocialBehavioralAutism_2_19,SB,BroadlyAffectedAutism_5_171,BR,0.6234
SocialBehavioralAutism_3_21,SB,BroadlyAffectedAutism_2_9,BR,0.9898
SocialBehavioralAutism_3_21,SB,BroadlyAffectedAutism_3_32,BR,0.9355
SocialBehavioralAutism_3_24,SB,BroadlyAffectedAutism_1_4,BR,0.5802
SocialBehavioralAutism_3_25,SB,BroadlyAffectedAutism_5_120,BR,0.9549
SocialBehavioralAutism_3_26,SB,BroadlyAffectedAutism_3_37,BR,0.6181
SocialBehavioralAutism_3_26,SB,BroadlyAffectedAutism_5_127,BR,0.9977
SocialBehavioralAutism_3_27,SB,BroadlyAffectedAutism_5_130,BR,0.9801
SocialBehavioralAutism_3_29,SB,BroadlyAffectedAutism_4_67,BR,0.974
SocialBehavioralAutism_3_29,SB,BroadlyAffectedAutism_5_205,BR,0.5872
SocialBehavioralAutism_3_31,SB,BroadlyAffectedAutism_1_4,BR,0.9824
SocialBehavioralAutism_3_31,SB,BroadlyAffectedAutism_3_21,BR,0.9626
SocialBehavioralAutism_3_31,SB,BroadlyAffectedAutism_4_48,BR,0.9865
SocialBehavioralAutism_3_31,SB,BroadlyAffectedAutism_3_50,BR,0.9047
SocialBehavioralAutism_3_31,SB,BroadlyAffectedAutism_4_55,BR,0.9778
SocialBehavioralAutism_3_31,SB,BroadlyAffectedAutism_4_68,BR,0.9723
SocialBehavioralAutism_3_31,SB,BroadlyAffectedAutism_5_98,BR,0.9623
SocialBehavioralAutism_3_31,SB,BroadlyAffectedAutism_5_119,BR,0.9838
SocialBehavioralAutism_3_31,SB,BroadlyAffectedAutism_5_150,BR,0.8917
SocialBehavioralAutism_3_31,SB,BroadlyAffectedAutism_5_159,BR,0.7273
SocialBehavioralAutism_3_34,SB,BroadlyAffectedAutism_2_7,BR,0.6627
SocialBehavioralAutism_3_34,SB,BroadlyAffectedAutism_2_11,BR,0.9954
SocialBehavioralAutism_3_35,SB,BroadlyAffectedAutism_0_0,BR,0.5658
SocialBehavioralAutism_3_35,SB,BroadlyAffectedAutism_3_42,BR,0.5865
SocialBehavioralAutism_3_35,SB,BroadlyAffectedAutism_4_82,BR,0.9534
SocialBehavioralAutism_3_35,SB,BroadlyAffectedAutism_4_117,BR,0.9756
SocialBehavioralAutism_3_36,SB,BroadlyAffectedAutism_3_27,BR,0.9912
SocialBehavioralAutism_3_36,SB,BroadlyAffectedAutism_6_247,BR,0.9121
SocialBehavioralAutism_3_37,SB,BroadlyAffectedAutism_4_60,BR,0.9968
SocialBehavioralAutism_3_40,SB,BroadlyAffectedAutism_5_200,BR,0.9368
SocialBehavioralAutism_3_43,SB,BroadlyAffectedAutism_5_83,BR,0.8482
SocialBehavioralAutism_3_43,SB,BroadlyAffectedAutism_5_205,BR,0.9972
SocialBehavioralAutism_3_44,SB,BroadlyAffectedAutism_5_207,BR,0.9961
SocialBehavioralAutism_3_45,SB,BroadlyAffectedAutism_1_4,BR,0.9754
SocialBehavioralAutism_3_45,SB,BroadlyAffectedAutism_3_50,BR,0.9932
SocialBehavioralAutism_3_45,SB,BroadlyAffectedAutism_4_81,BR,0.9958
SocialBehavioralAutism_3_45,SB,BroadlyAffectedAutism_5_159,BR,0.9877
SocialBehavioralAutism_3_47,SB,BroadlyAffectedAutism_3_23,BR,0.9959
SocialBehavioralAutism_3_48,SB,BroadlyAffectedAutism_4_58,BR,0.7575
SocialBehavioralAutism_3_50,SB,BroadlyAffectedAutism_5_83,BR,0.9542
SocialBehavioralAutism_3_50,SB,BroadlyAffectedAutism_5_205,BR,0.9336
SocialBehavioralAutism_3_53,SB,BroadlyAffectedAutism_5_157,BR,0.5513
SocialBehavioralAutism_3_53,SB,BroadlyAffectedAutism_5_218,BR,0.9788
SocialBehavioralAutism_3_54,SB,BroadlyAffectedAutism_5_199,BR,0.998
SocialBehavioralAutism_3_55,SB,BroadlyAffectedAutism_5_154,BR,0.9819
SocialBehavioralAutism_3_57,SB,BroadlyAffectedAutism_1_1,BR,0.9963
SocialBehavioralAutism_3_57,SB,BroadlyAffectedAutism_4_72,BR,0.6579
SocialBehavioralAutism_3_57,SB,BroadlyAffectedAutism_5_149,BR,0.9772
SocialBehavioralAutism_3_57,SB,BroadlyAffectedAutism_5_200,BR,0.9754
SocialBehavioralAutism_4_58,SB,BroadlyAffectedAutism_1_4,BR,0.9018
SocialBehavioralAutism_4_58,SB,BroadlyAffectedAutism_3_50,BR,0.6183
SocialBehavioralAutism_4_58,SB,BroadlyAffectedAutism_4_55,BR,0.9866
SocialBehavioralAutism_4_58,SB,BroadlyAffectedAutism_5_98,BR,0.9865
SocialBehavioralAutism_4_61,SB,BroadlyAffectedAutism_5_127,BR,0.9387
SocialBehavioralAutism_4_63,SB,BroadlyAffectedAutism_4_96,BR,0.5952
SocialBehavioralAutism_4_63,SB,BroadlyAffectedAutism_5_144,BR,0.6036
SocialBehavioralAutism_4_66,SB,BroadlyAffectedAutism_1_4,BR,0.8549
SocialBehavioralAutism_4_66,SB,BroadlyAffectedAutism_4_81,BR,0.9353
SocialBehavioralAutism_4_66,SB,BroadlyAffectedAutism_5_98,BR,0.5668
SocialBehavioralAutism_4_66,SB,BroadlyAffectedAutism_5_150,BR,0.9015
SocialBehavioralAutism_4_67,SB,BroadlyAffectedAutism_0_0,BR,0.6092
SocialBehavioralAutism_4_67,SB,BroadlyAffectedAutism_6_202,BR,0.9856
SocialBehavioralAutism_4_72,SB,BroadlyAffectedAutism_4_90,BR,0.9978
SocialBehavioralAutism_4_77,SB,BroadlyAffectedAutism_4_80,BR,0.9919
SocialBehavioralAutism_4_78,SB,BroadlyAffectedAutism_4_69,BR,0.7774
SocialBehavioralAutism_4_78,SB,BroadlyAffectedAutism_5_238,BR,0.9643
SocialBehavioralAutism_4_79,SB,BroadlyAffectedAutism_4_95,BR,0.9502
SocialBehavioralAutism_4_79,SB,BroadlyAffectedAutism_5_181,BR,0.5778
SocialBehavioralAutism_4_80,SB,BroadlyAffectedAutism_5_155,BR,0.9977
SocialBehavioralAutism_4_82,SB,BroadlyAffectedAutism_5_175,BR,0.9914
SocialBehavioralAutism_4_83,SB,BroadlyAffectedAutism_4_67,BR,0.9263
SocialBehavioralAutism_4_89,SB,BroadlyAffectedAutism_5_172,BR,0.8602
SocialBehavioralAutism_4_90,SB,BroadlyAffectedAutism_4_62,BR,0.9962
SocialBehavioralAutism_4_90,SB,BroadlyAffectedAutism_5_137,BR,0.9925
SocialBehavioralAutism_4_90,SB,BroadlyAffectedAutism_5_145,BR,0.9913
SocialBehavioralAutism_4_90,SB,BroadlyAffectedAutism_6_165,BR,0.9836
SocialBehavioralAutism_4_91,SB,BroadlyAffectedAutism_3_37,BR,0.8751
SocialBehavioralAutism_4_94,SB,BroadlyAffectedAutism_2_9,BR,0.9967
SocialBehavioralAutism_4_94,SB,BroadlyAffectedAutism_3_32,BR,0.9977
SocialBehavioralAutism_4_97,SB,BroadlyAffectedAutism_3_24,BR,0.9942
SocialBehavioralAutism_4_97,SB,BroadlyAffectedAutism_4_47,BR,0.9503
SocialBehavioralAutism_4_97,SB,BroadlyAffectedAutism_4_86,BR,0.9928
SocialBehavioralAutism_4_100,SB,BroadlyAffectedAutism_4_89,BR,0.9813
SocialBehavioralAutism_4_100,SB,BroadlyAffectedAutism_5_133,BR,0.9978
SocialBehavioralAutism_4_103,SB,BroadlyAffectedAutism_5_215,BR,0.9721
SocialBehavioralAutism_4_105,SB,BroadlyAffectedAutism_4_62,BR,0.9887
SocialBehavioralAutism_4_105,SB,BroadlyAffectedAutism_5_121,BR,0.9836
SocialBehavioralAutism_4_105,SB,BroadlyAffectedAutism_5_137,BR,0.9872
SocialBehavioralAutism_4_105,SB,BroadlyAffectedAutism_5_140,BR,0.995
SocialBehavioralAutism_4_105,SB,BroadlyAffectedAutism_5_144,BR,0.7806
SocialBehavioralAutism_4_105,SB,BroadlyAffectedAutism_5_171,BR,0.9859
SocialBehavioralAutism_4_107,SB,BroadlyAffectedAutism_4_47,BR,0.9692
SocialBehavioralAutism_4_108,SB,BroadlyAffectedAutism_5_197,BR,0.997
SocialBehavioralAutism_4_108,SB,BroadlyAffectedAutism_5_223,BR,0.9904
SocialBehavioralAutism_4_109,SB,BroadlyAffectedAutism_4_91,BR,0.932
SocialBehavioralAutism_4_109,SB,BroadlyAffectedAutism_5_130,BR,0.9979
SocialBehavioralAutism_4_110,SB,BroadlyAffectedAutism_5_107,BR,0.9949
SocialBehavioralAutism_4_112,SB,BroadlyAffectedAutism_4_60,BR,0.9695
SocialBehavioralAutism_4_112,SB,BroadlyAffectedAutism_4_74,BR,0.9779
SocialBehavioralAutism_4_112,SB,BroadlyAffectedAutism_5_120,BR,0.7021
SocialBehavioralAutism_4_117,SB,BroadlyAffectedAutism_1_2,BR,0.9413
SocialBehavioralAutism_4_117,SB,BroadlyAffectedAutism_4_78,BR,0.9893
SocialBehavioralAutism_4_122,SB,BroadlyAffectedAutism_5_135,BR,0.8525
SocialBehavioralAutism_4_124,SB,BroadlyAffectedAutism_4_75,BR,0.6217
SocialBehavioralAutism_4_127,SB,BroadlyAffectedAutism_6_249,BR,0.8928
SocialBehavioralAutism_4_128,SB,BroadlyAffectedAutism_4_96,BR,0.9982
SocialBehavioralAutism_4_129,SB,BroadlyAffectedAutism_0_0,BR,0.8184
SocialBehavioralAutism_4_130,SB,BroadlyAffectedAutism_5_180,BR,0.9759
SocialBehavioralAutism_5_134,SB,BroadlyAffectedAutism_4_54,BR,0.922
SocialBehavioralAutism_4_135,SB,BroadlyAffectedAutism_4_87,BR,0.9931
SocialBehavioralAutism_4_135,SB,BroadlyAffectedAutism_5_238,BR,0.8577
SocialBehavioralAutism_4_138,SB,BroadlyAffectedAutism_4_96,BR,0.9984
SocialBehavioralAutism_5_141,SB,BroadlyAffectedAutism_3_42,BR,0.7996
SocialBehavioralAutism_5_141,SB,BroadlyAffectedAutism_5_104,BR,0.9929
SocialBehavioralAutism_5_142,SB,BroadlyAffectedAutism_4_68,BR,0.9714
SocialBehavioralAutism_5_142,SB,BroadlyAffectedAutism_5_122,BR,0.975
SocialBehavioralAutism_4_149,SB,BroadlyAffectedAutism_4_95,BR,0.5523
SocialBehavioralAutism_4_149,SB,BroadlyAffectedAutism_5_156,BR,0.9587
SocialBehavioralAutism_4_153,SB,BroadlyAffectedAutism_1_2,BR,0.6987
SocialBehavioralAutism_4_153,SB,BroadlyAffectedAutism_3_27,BR,0.9629
SocialBehavioralAutism_4_153,SB,BroadlyAffectedAutism_4_68,BR,0.8753
SocialBehavioralAutism_4_155,SB,BroadlyAffectedAutism_1_4,BR,0.9957
SocialBehavioralAutism_5_158,SB,BroadlyAffectedAutism_4_47,BR,0.7496
SocialBehavioralAutism_5_158,SB,BroadlyAffectedAutism_5_171,BR,0.7483
SocialBehavioralAutism_5_159,SB,BroadlyAffectedAutism_5_156,BR,0.9964
SocialBehavioralAutism_5_160,SB,BroadlyAffectedAutism_4_91,BR,0.9967
SocialBehavioralAutism_5_160,SB,BroadlyAffectedAutism_5_130,BR,0.747
SocialBehavioralAutism_5_160,SB,BroadlyAffectedAutism_5_218,BR,0.9484
SocialBehavioralAutism_5_162,SB,BroadlyAffectedAutism_3_27,BR,0.6373
SocialBehavioralAutism_5_162,SB,BroadlyAffectedAutism_4_68,BR,0.9759
SocialBehavioralAutism_5_162,SB,BroadlyAffectedAutism_4_74,BR,0.9879
SocialBehavioralAutism_5_162,SB,BroadlyAffectedAutism_5_120,BR,0.9943
SocialBehavioralAutism_5_164,SB,BroadlyAffectedAutism_6_247,BR,0.9862
SocialBehavioralAutism_5_168,SB,BroadlyAffectedAutism_5_175,BR,0.9977
SocialBehavioralAutism_5_171,SB,BroadlyAffectedAutism_0_0,BR,0.6587
SocialBehavioralAutism_5_174,SB,BroadlyAffectedAutism_2_7,BR,0.991
SocialBehavioralAutism_5_174,SB,BroadlyAffectedAutism_3_24,BR,0.9861
SocialBehavioralAutism_5_174,SB,BroadlyAffectedAutism_5_137,BR,0.9784
SocialBehavioralAutism_5_175,SB,BroadlyAffectedAutism_0_0,BR,0.816
SocialBehavioralAutism_5_175,SB,BroadlyAffectedAutism_5_104,BR,0.9865
SocialBehavioralAutism_5_179,SB,BroadlyAffectedAutism_4_95,BR,0.9551
SocialBehavioralAutism_5_179,SB,BroadlyAffectedAutism_5_156,BR,0.9551
SocialBehavioralAutism_5_180,SB,BroadlyAffectedAutism_5_223,BR,0.652
SocialBehavioralAutism_5_181,SB,BroadlyAffectedAutism_5_137,BR,0.5938
SocialBehavioralAutism_5_185,SB,BroadlyAffectedAutism_6_247,BR,0.6096
SocialBehavioralAutism_5_187,SB,BroadlyAffectedAutism_4_71,BR,0.7376
SocialBehavioralAutism_5_187,SB,BroadlyAffectedAutism_5_111,BR,0.9482
SocialBehavioralAutism_5_187,SB,BroadlyAffectedAutism_5_182,BR,0.6778
SocialBehavioralAutism_5_191,SB,BroadlyAffectedAutism_2_14,BR,0.9771
SocialBehavioralAutism_5_194,SB,BroadlyAffectedAutism_5_207,BR,0.9872
SocialBehavioralAutism_5_194,SB,BroadlyAffectedAutism_6_208,BR,0.9552
SocialBehavioralAutism_5_195,SB,BroadlyAffectedAutism_3_24,BR,0.9966
SocialBehavioralAutism_5_195,SB,BroadlyAffectedAutism_3_39,BR,0.9911
SocialBehavioralAutism_5_195,SB,BroadlyAffectedAutism_4_86,BR,0.9919
SocialBehavioralAutism_5_196,SB,BroadlyAffectedAutism_3_24,BR,0.7722
SocialBehavioralAutism_5_196,SB,BroadlyAffectedAutism_5_154,BR,0.9953
SocialBehavioralAutism_5_206,SB,BroadlyAffectedAutism_3_27,BR,0.6558
SocialBehavioralAutism_5_206,SB,BroadlyAffectedAutism_6_203,BR,0.935
SocialBehavioralAutism_5_206,SB,BroadlyAffectedAutism_6_247,BR,0.9887
SocialBehavioralAutism_5_207,SB,BroadlyAffectedAutism_4_48,BR,0.9936
SocialBehavioralAutism_5_207,SB,BroadlyAffectedAutism_5_105,BR,0.9876
SocialBehavioralAutism_5_207,SB,BroadlyAffectedAutism_5_119,BR,0.9847
SocialBehavioralAutism_5_207,SB,BroadlyAffectedAutism_5_150,BR,0.9969
SocialBehavioralAutism_5_211,SB,BroadlyAffectedAutism_3_25,BR,0.9965
SocialBehavioralAutism_5_211,SB,BroadlyAffectedAutism_3_41,BR,0.5782
SocialBehavioralAutism_5_211,SB,BroadlyAffectedAutism_3_53,BR,0.9974
SocialBehavioralAutism_5_211,SB,BroadlyAffectedAutism_5_130,BR,0.6223
SocialBehavioralAutism_5_214,SB,BroadlyAffectedAutism_5_187,BR,0.7005
SocialBehavioralAutism_5_214,SB,BroadlyAffectedAutism_5_207,BR,0.9947
SocialBehavioralAutism_5_217,SB,BroadlyAffectedAutism_5_207,BR,0.9835
SocialBehavioralAutism_5_219,SB,BroadlyAffectedAutism_4_67,BR,0.9855
SocialBehavioralAutism_5_219,SB,BroadlyAffectedAutism_5_83,BR,0.9779
SocialBehavioralAutism_5_220,SB,BroadlyAffectedAutism_3_42,BR,0.9704
SocialBehavioralAutism_5_220,SB,BroadlyAffectedAutism_4_117,BR,0.9748
SocialBehavioralAutism_5_220,SB,BroadlyAffectedAutism_5_216,BR,0.9769
SocialBehavioralAutism_5_221,SB,BroadlyAffectedAutism_4_60,BR,0.5949
SocialBehavioralAutism_5_221,SB,BroadlyAffectedAutism_5_125,BR,0.6077
SocialBehavioralAutism_5_221,SB,BroadlyAffectedAutism_5_127,BR,0.996
SocialBehavioralAutism_5_222,SB,BroadlyAffectedAutism_4_62,BR,0.6158
SocialBehavioralAutism_5_222,SB,BroadlyAffectedAutism_5_137,BR,0.8827
SocialBehavioralAutism_5_222,SB,BroadlyAffectedAutism_5_171,BR,0.994
SocialBehavioralAutism_5_224,SB,BroadlyAffectedAutism_3_27,BR,0.9839
SocialBehavioralAutism_5_224,SB,BroadlyAffectedAutism_6_165,BR,0.9889
SocialBehavioralAutism_5_224,SB,BroadlyAffectedAutism_6_203,BR,0.7774
SocialBehavioralAutism_5_225,SB,BroadlyAffectedAutism_4_96,BR,0.9978
SocialBehavioralAutism_5_228,SB,BroadlyAffectedAutism_5_200,BR,0.9936
SocialBehavioralAutism_5_229,SB,BroadlyAffectedAutism_0_0,BR,0.5768
SocialBehavioralAutism_5_232,SB,BroadlyAffectedAutism_5_170,BR,0.5813
SocialBehavioralAutism_5_233,SB,BroadlyAffectedAutism_5_197,BR,0.9946
SocialBehavioralAutism_5_233,SB,BroadlyAffectedAutism_5_223,BR,0.8735
SocialBehavioralAutism_5_233,SB,BroadlyAffectedAutism_5_227,BR,0.8894
SocialBehavioralAutism_5_233,SB,BroadlyAffectedAutism_5_231,BR,0.9385
SocialBehavioralAutism_5_235,SB,BroadlyAffectedAutism_5_83,BR,0.9785
SocialBehavioralAutism_5_235,SB,BroadlyAffectedAutism_5_172,BR,0.7805
SocialBehavioralAutism_5_235,SB,BroadlyAffectedAutism_5_230,BR,0.983
SocialBehavioralAutism_5_235,SB,BroadlyAffectedAutism_6_250,BR,0.745
MixedASDwithDelay_1_1,MX,ModerateAutism_1_1,MO,0.9968
MixedASDwithDelay_1_1,MX,ModerateAutism_2_8,MO,0.5557
MixedASDwithDelay_1_1,MX,ModerateAutism_4_89,MO,0.8477
MixedASDwithDelay_1_1,MX,ModerateAutism_4_122,MO,0.8024
MixedASDwithDelay_1_1,MX,ModerateAutism_4_130,MO,0.9458
MixedASDwithDelay_1_2,MX,ModerateAutism_4_108,MO,0.7796
MixedASDwithDelay_1_2,MX,ModerateAutism_4_147,MO,0.567
MixedASDwithDelay_1_4,MX,ModerateAutism_4_75,MO,0.9849
MixedASDwithDelay_2_7,MX,ModerateAutism_3_50,MO,0.9964
MixedASDwithDelay_2_7,MX,ModerateAutism_4_77,MO,0.7032
MixedASDwithDelay_2_10,MX,ModerateAutism_2_9,MO,0.9702
MixedASDwithDelay_2_10,MX,ModerateAutism_2_14,MO,0.996
MixedASDwithDelay_2_10,MX,ModerateAutism_3_42,MO,0.9954
MixedASDwithDelay_2_10,MX,ModerateAutism_4_102,MO,0.5895
MixedASDwithDelay_2_10,MX,ModerateAutism_4_105,MO,0.9717
MixedASDwithDelay_2_10,MX,ModerateAutism_4_181,MO,0.9903
MixedASDwithDelay_2_11,MX,ModerateAutism_3_32,MO,0.9729
MixedASDwithDelay_2_11,MX,ModerateAutism_3_68,MO,0.9963
MixedASDwithDelay_2_11,MX,ModerateAutism_4_75,MO,0.9841
MixedASDwithDelay_2_11,MX,ModerateAutism_4_203,MO,0.9951
MixedASDwithDelay_2_12,MX,ModerateAutism_2_17,MO,0.6006
MixedASDwithDelay_2_12,MX,ModerateAutism_4_76,MO,0.6976
MixedASDwithDelay_2_13,MX,ModerateAutism_3_69,MO,0.9928
MixedASDwithDelay_2_16,MX,ModerateAutism_2_11,MO,0.9958
MixedASDwithDelay_2_16,MX,ModerateAutism_2_20,MO,0.9979
MixedASDwithDelay_2_16,MX,ModerateAutism_4_120,MO,0.9173
MixedASDwithDelay_2_17,MX,ModerateAutism_2_20,MO,0.8355
MixedASDwithDelay_2_18,MX,ModerateAutism_3_56,MO,0.9957
MixedASDwithDelay_2_20,MX,ModerateAutism_1_2,MO,0.9784
MixedASDwithDelay_2_20,MX,ModerateAutism_1_4,MO,0.8561
MixedASDwithDelay_2_20,MX,ModerateAutism_3_49,MO,0.8993
MixedASDwithDelay_2_20,MX,ModerateAutism_4_108,MO,0.9857
MixedASDwithDelay_3_22,MX,ModerateAutism_4_204,MO,0.9974
MixedASDwithDelay_3_25,MX,ModerateAutism_4_135,MO,0.9095
MixedASDwithDelay_3_27,MX,ModerateAutism_2_20,MO,0.8748
MixedASDwithDelay_3_27,MX,ModerateAutism_3_70,MO,0.9534
MixedASDwithDelay_3_27,MX,ModerateAutism_4_97,MO,0.9742
MixedASDwithDelay_3_27,MX,ModerateAutism_4_196,MO,0.9966
MixedASDwithDelay_3_29,MX,ModerateAutism_4_77,MO,0.9937
MixedASDwithDelay_3_29,MX,ModerateAutism_4_135,MO,0.8995
MixedASDwithDelay_3_29,MX,ModerateAutism_4_155,MO,0.9765
MixedASDwithDelay_3_31,MX,ModerateAutism_3_22,MO,0.9978
MixedASDwithDelay_3_31,MX,ModerateAutism_3_58,MO,0.9784
MixedASDwithDelay_3_32,MX,ModerateAutism_2_20,MO,0.9509
MixedASDwithDelay_3_34,MX,ModerateAutism_4_195,MO,0.9862
MixedASDwithDelay_3_35,MX,ModerateAutism_3_53,MO,0.7434
MixedASDwithDelay_3_37,MX,ModerateAutism_2_8,MO,0.9739
MixedASDwithDelay_3_37,MX,ModerateAutism_3_29,MO,0.987
MixedASDwithDelay_3_37,MX,ModerateAutism_4_122,MO,0.9962
MixedASDwithDelay_3_37,MX,ModerateAutism_4_127,MO,0.9874
MixedASDwithDelay_3_37,MX,ModerateAutism_4_130,MO,0.9786
MixedASDwithDelay_3_38,MX,ModerateAutism_4_105,MO,0.9889
MixedASDwithDelay_3_39,MX,ModerateAutism_3_43,MO,0.8642
MixedASDwithDelay_3_39,MX,ModerateAutism_4_75,MO,0.9811
MixedASDwithDelay_3_39,MX,ModerateAutism_4_77,MO,0.9894
MixedASDwithDelay_3_39,MX,ModerateAutism_4_117,MO,0.8502
MixedASDwithDelay_3_39,MX,ModerateAutism_4_120,MO,0.9479
MixedASDwithDelay_3_39,MX,ModerateAutism_4_124,MO,0.8673
MixedASDwithDelay_3_39,MX,ModerateAutism_4_140,MO,0.9937
MixedASDwithDelay_3_39,MX,ModerateAutism_4_147,MO,0.9422
MixedASDwithDelay_3_39,MX,ModerateAutism_4_155,MO,0.9861
MixedASDwithDelay_3_39,MX,ModerateAutism_4_182,MO,0.9699
MixedASDwithDelay_3_39,MX,ModerateAutism_4_205,MO,0.9913
MixedASDwithDelay_3_40,MX,ModerateAutism_3_42,MO,0.9958
MixedASDwithDelay_3_40,MX,ModerateAutism_3_61,MO,0.9948
MixedASDwithDelay_3_40,MX,ModerateAutism_4_102,MO,0.9651
MixedASDwithDelay_3_41,MX,ModerateAutism_1_3,MO,0.9975
MixedASDwithDelay_3_41,MX,ModerateAutism_3_32,MO,0.669
MixedASDwithDelay_3_41,MX,ModerateAutism_4_78,MO,0.9172
MixedASDwithDelay_3_41,MX,ModerateAutism_4_83,MO,0.9814
MixedASDwithDelay_3_41,MX,ModerateAutism_4_112,MO,0.996
MixedASDwithDelay_3_43,MX,ModerateAutism_3_42,MO,0.8954
MixedASDwithDelay_3_43,MX,ModerateAutism_3_46,MO,0.9978
MixedASDwithDelay_3_44,MX,ModerateAutism_2_9,MO,0.9665
MixedASDwithDelay_3_44,MX,ModerateAutism_3_42,MO,0.7669
MixedASDwithDelay_3_44,MX,ModerateAutism_4_181,MO,0.976
MixedASDwithDelay_3_45,MX,ModerateAutism_4_210,MO,0.997
MixedASDwithDelay_3_46,MX,ModerateAutism_3_72,MO,0.9897
MixedASDwithDelay_3_46,MX,ModerateAutism_4_98,MO,0.998
MixedASDwithDelay_3_46,MX,ModerateAutism_4_161,MO,0.9975
MixedASDwithDelay_3_46,MX,ModerateAutism_4_164,MO,0.9861
MixedASDwithDelay_3_46,MX,ModerateAutism_4_167,MO,0.9908
MixedASDwithDelay_3_48,MX,ModerateAutism_3_42,MO,0.9755
MixedASDwithDelay_3_48,MX,ModerateAutism_3_50,MO,0.9934
MixedASDwithDelay_3_48,MX,ModerateAutism_4_105,MO,0.9738
MixedASDwithDelay_3_48,MX,ModerateAutism_4_181,MO,0.8931
MixedASDwithDelay_3_49,MX,ModerateAutism_3_34,MO,0.9976
MixedASDwithDelay_3_49,MX,ModerateAutism_4_77,MO,0.6517
MixedASDwithDelay_3_49,MX,ModerateAutism_4_83,MO,0.9965
MixedASDwithDelay_3_49,MX,ModerateAutism_4_112,MO,0.9218
MixedASDwithDelay_3_49,MX,ModerateAutism_4_114,MO,0.9291
MixedASDwithDelay_3_49,MX,ModerateAutism_4_117,MO,0.9961
MixedASDwithDelay_3_51,MX,ModerateAutism_2_5,MO,0.9904
MixedASDwithDelay_3_51,MX,ModerateAutism_3_62,MO,0.9806
MixedASDwithDelay_3_51,MX,ModerateAutism_4_77,MO,0.9906
MixedASDwithDelay_3_51,MX,ModerateAutism_4_114,MO,0.8194
MixedASDwithDelay_3_51,MX,ModerateAutism_4_152,MO,0.9518
MixedASDwithDelay_3_54,MX,ModerateAutism_3_65,MO,0.9981
MixedASDwithDelay_3_54,MX,ModerateAutism_3_69,MO,0.9929
MixedASDwithDelay_3_56,MX,ModerateAutism_2_9,MO,0.971
MixedASDwithDelay_3_56,MX,ModerateAutism_2_14,MO,0.9948
MixedASDwithDelay_3_56,MX,ModerateAutism_3_42,MO,0.9892
MixedASDwithDelay_3_56,MX,ModerateAutism_4_102,MO,0.9145
MixedASDwithDelay_3_56,MX,ModerateAutism_4_121,MO,0.9497
MixedASDwithDelay_3_56,MX,ModerateAutism_4_181,MO,0.9964
MixedASDwithDelay_3_63,MX,ModerateAutism_3_70,MO,0.9633
MixedASDwithDelay_3_63,MX,ModerateAutism_4_205,MO,0.9096
MixedASDwithDelay_4_65,MX,ModerateAutism_2_10,MO,0.9973
MixedASDwithDelay_4_69,MX,ModerateAutism_4_210,MO,0.6215
MixedASDwithDelay_4_82,MX,ModerateAutism_4_135,MO,0.8751
MixedASDwithDelay_4_82,MX,ModerateAutism_4_182,MO,0.9888
MixedASDwithDelay_4_83,MX,ModerateAutism_3_72,MO,0.986
MixedASDwithDelay_4_83,MX,ModerateAutism_4_98,MO,0.9978
MixedASDwithDelay_4_83,MX,ModerateAutism_4_164,MO,0.9964
MixedASDwithDelay_4_87,MX,ModerateAutism_3_46,MO,0.9327
MixedASDwithDelay_4_87,MX,ModerateAutism_4_77,MO,0.9724
MixedASDwithDelay_4_88,MX,ModerateAutism_1_3,MO,0.9407
MixedASDwithDelay_4_88,MX,ModerateAutism_4_77,MO,0.8295
MixedASDwithDelay_4_88,MX,ModerateAutism_4_78,MO,0.9948
MixedASDwithDelay_4_89,MX,ModerateAutism_3_46,MO,0.9928
MixedASDwithDelay_4_89,MX,ModerateAutism_4_185,MO,0.6829
MixedASDwithDelay_4_90,MX,ModerateAutism_4_75,MO,0.9837
MixedASDwithDelay_4_90,MX,ModerateAutism_4_112,MO,0.9342
MixedASDwithDelay_4_90,MX,ModerateAutism_4_117,MO,0.8399
MixedASDwithDelay_4_94,MX,ModerateAutism_2_20,MO,0.7702
MixedASDwithDelay_4_94,MX,ModerateAutism_3_43,MO,0.804
MixedASDwithDelay_4_94,MX,ModerateAutism_4_77,MO,0.97
MixedASDwithDelay_4_94,MX,ModerateAutism_4_182,MO,0.9851
MixedASDwithDelay_4_94,MX,ModerateAutism_4_205,MO,0.9932
MixedASDwithDelay_4_98,MX,ModerateAutism_4_103,MO,0.9914
MixedASDwithDelay_4_98,MX,ModerateAutism_4_109,MO,0.9879
MixedASDwithDelay_4_98,MX,ModerateAutism_4_187,MO,0.9955
MixedASDwithDelay_4_99,MX,ModerateAutism_3_72,MO,0.9331
MixedASDwithDelay_4_99,MX,ModerateAutism_4_153,MO,0.9969
MixedASDwithDelay_4_99,MX,ModerateAutism_4_161,MO,0.9868
MixedASDwithDelay_4_99,MX,ModerateAutism_4_167,MO,0.5751
MixedASDwithDelay_4_103,MX,ModerateAutism_4_205,MO,0.8574
MixedASDwithDelay_4_104,MX,ModerateAutism_4_112,MO,0.9327
MixedASDwithDelay_4_105,MX,ModerateAutism_4_174,MO,0.995
MixedASDwithDelay_4_105,MX,ModerateAutism_4_175,MO,0.9694
MixedASDwithDelay_4_108,MX,ModerateAutism_4_99,MO,0.9695
MixedASDwithDelay_4_108,MX,ModerateAutism_4_159,MO,0.9813
MixedASDwithDelay_4_110,MX,ModerateAutism_4_86,MO,0.9722
MixedASDwithDelay_4_111,MX,ModerateAutism_3_39,MO,0.8947
MixedASDwithDelay_4_111,MX,ModerateAutism_4_135,MO,0.9794
MixedASDwithDelay_4_116,MX,ModerateAutism_2_10,MO,0.9117
MixedASDwithDelay_4_116,MX,ModerateAutism_3_49,MO,0.9775
MixedASDwithDelay_4_118,MX,ModerateAutism_3_57,MO,0.8719
MixedASDwithDelay_4_118,MX,ModerateAutism_4_128,MO,0.8747
MixedASDwithDelay_4_118,MX,ModerateAutism_4_166,MO,0.9611
MixedASDwithDelay_4_121,MX,ModerateAutism_3_25,MO,0.7923
MixedASDwithDelay_4_121,MX,ModerateAutism_3_37,MO,0.594
MixedASDwithDelay_4_121,MX,ModerateAutism_3_49,MO,0.9832
MixedASDwithDelay_4_121,MX,ModerateAutism_3_60,MO,0.9385
MixedASDwithDelay_4_121,MX,ModerateAutism_4_108,MO,0.9249
MixedASDwithDelay_4_121,MX,ModerateAutism_4_192,MO,0.9929
MixedASDwithDelay_4_122,MX,ModerateAutism_3_55,MO,0.6166
MixedASDwithDelay_4_122,MX,ModerateAutism_4_110,MO,0.991
MixedASDwithDelay_4_126,MX,ModerateAutism_4_212,MO,0.9728
MixedASDwithDelay_4_129,MX,ModerateAutism_3_21,MO,0.969
MixedASDwithDelay_4_136,MX,ModerateAutism_3_68,MO,0.9457
MixedASDwithDelay_4_136,MX,ModerateAutism_4_124,MO,0.9947
MixedASDwithDelay_4_140,MX,ModerateAutism_2_10,MO,0.5983
MixedASDwithDelay_4_140,MX,ModerateAutism_3_28,MO,0.9394
MixedASDwithDelay_4_141,MX,ModerateAutism_3_65,MO,0.7135
MixedASDwithDelay_4_141,MX,ModerateAutism_3_69,MO,0.9868
MixedASDwithDelay_4_141,MX,ModerateAutism_4_194,MO,0.5728
MixedASDwithDelay_4_144,MX,ModerateAutism_3_34,MO,0.9913
MixedASDwithDelay_4_144,MX,ModerateAutism_4_83,MO,0.9479
MixedASDwithDelay_4_144,MX,ModerateAutism_4_117,MO,0.9956
MixedASDwithDelay_4_144,MX,ModerateAutism_4_155,MO,0.5638
MixedASDwithDelay_4_145,MX,ModerateAutism_2_9,MO,0.8678
MixedASDwithDelay_4_146,MX,ModerateAutism_3_68,MO,0.9502
MixedASDwithDelay_4_146,MX,ModerateAutism_4_203,MO,0.951
MixedASDwithDelay_4_148,MX,ModerateAutism_3_69,MO,0.9774
MixedASDwithDelay_4_152,MX,ModerateAutism_2_17,MO,0.9948
MixedASDwithDelay_5_158,MX,ModerateAutism_4_118,MO,0.9813
MixedASDwithDelay_5_165,MX,ModerateAutism_3_57,MO,0.9849
MixedASDwithDelay_5_165,MX,ModerateAutism_4_115,MO,0.5599
MixedASDwithDelay_5_165,MX,ModerateAutism_4_128,MO,0.983
MixedASDwithDelay_5_165,MX,ModerateAutism_4_166,MO,0.9977
MixedASDwithDelay_5_168,MX,ModerateAutism_1_1,MO,0.9955
MixedASDwithDelay_5_168,MX,ModerateAutism_2_8,MO,0.9924
MixedASDwithDelay_5_168,MX,ModerateAutism_3_29,MO,0.9893
MixedASDwithDelay_5_168,MX,ModerateAutism_4_122,MO,0.9945
MixedASDwithDelay_5_168,MX,ModerateAutism_4_127,MO,0.9879
MixedASDwithDelay_5_168,MX,ModerateAutism_4_130,MO,0.9946
MixedASDwithDelay_5_169,MX,ModerateAutism_4_114,MO,0.6461
MixedASDwithDelay_5_169,MX,ModerateAutism_4_117,MO,0.6704
MixedASDwithDelay_5_169,MX,ModerateAutism_4_135,MO,0.6371
MixedASDwithDelay_5_169,MX,ModerateAutism_4_152,MO,0.6171
MixedASDwithDelay_5_171,MX,ModerateAutism_3_57,MO,0.9975
MixedASDwithDelay_5_171,MX,ModerateAutism_4_128,MO,0.9618
MixedASDwithDelay_5_171,MX,ModerateAutism_4_166,MO,0.9942
MixedASDwithDelay_5_173,MX,ModerateAutism_4_77,MO,0.7185
MixedASDwithDelay_5_173,MX,ModerateAutism_4_101,MO,0.9817
MixedASDwithDelay_5_173,MX,ModerateAutism_4_120,MO,0.984
MixedASDwithDelay_5_173,MX,ModerateAutism_4_135,MO,0.888
MixedASDwithDelay_5_173,MX,ModerateAutism_4_140,MO,0.5803
MixedASDwithDelay_5_173,MX,ModerateAutism_4_155,MO,0.9676
MixedASDwithDelay_5_173,MX,ModerateAutism_4_182,MO,0.9877
MixedASDwithDelay_5_177,MX,ModerateAutism_4_137,MO,0.5946
MixedASDwithDelay_5_178,MX,ModerateAutism_3_42,MO,0.9762
MixedASDwithDelay_5_178,MX,ModerateAutism_3_61,MO,0.9916
MixedASDwithDelay_5_183,MX,ModerateAutism_3_66,MO,0.7131
MixedASDwithDelay_5_183,MX,ModerateAutism_4_109,MO,0.9834
MixedASDwithDelay_5_187,MX,ModerateAutism_4_136,MO,0.8852
MixedASDwithDelay_5_187,MX,ModerateAutism_4_175,MO,0.9892
MixedASDwithDelay_5_188,MX,ModerateAutism_4_75,MO,0.6205
MixedASDwithDelay_5_193,MX,ModerateAutism_4_174,MO,0.9813
MixedASDwithDelay_5_195,MX,ModerateAutism_3_30,MO,0.7992
MixedASDwithDelay_5_196,MX,ModerateAutism_3_32,MO,0.8924
MixedASDwithDelay_5_196,MX,ModerateAutism_4_152,MO,0.7052
MixedASDwithDelay_5_200,MX,ModerateAutism_2_6,MO,0.9822
MixedASDwithDelay_5_200,MX,ModerateAutism_3_66,MO,0.9944
MixedASDwithDelay_5_201,MX,ModerateAutism_3_53,MO,0.983
MixedASDwithDelay_5_201,MX,ModerateAutism_4_173,MO,0.5526
MixedASDwithDelay_5_202,MX,ModerateAutism_3_30,MO,0.9691
MixedASDwithDelay_5_211,MX,ModerateAutism_2_5,MO,0.8546
MixedASDwithDelay_5_211,MX,ModerateAutism_4_154,MO,0.9906
MixedASDwithDelay_5_212,MX,ModerateAutism_2_5,MO,0.9807
MixedASDwithDelay_5_212,MX,ModerateAutism_4_124,MO,0.8694
MixedASDwithDelay_5_217,MX,ModerateAutism_2_19,MO,0.6962
MixedASDwithDelay_5_217,MX,ModerateAutism_3_49,MO,0.9951
MixedASDwithDelay_5_217,MX,ModerateAutism_4_108,MO,0.9976
MixedASDwithDelay_5_219,MX,ModerateAutism_2_14,MO,0.9788
MixedASDwithDelay_5_219,MX,ModerateAutism_3_50,MO,0.8726
MixedASDwithDelay_5_219,MX,ModerateAutism_4_90,MO,0.6208
MixedASDwithDelay_5_219,MX,ModerateAutism_4_105,MO,0.9534
MixedASDwithDelay_5_219,MX,ModerateAutism_4_181,MO,0.9805
MixedASDwithDelay_5_221,MX,ModerateAutism_3_30,MO,0.9917
MixedASDwithDelay_5_225,MX,ModerateAutism_2_5,MO,0.5736
MixedASDwithDelay_5_225,MX,ModerateAutism_4_103,MO,0.7308
MixedASDwithDelay_5_225,MX,ModerateAutism_4_107,MO,0.7439
MixedASDwithDelay_5_232,MX,ModerateAutism_4_75,MO,0.7653
MixedASDwithDelay_5_232,MX,ModerateAutism_4_124,MO,0.9846
MixedASDwithDelay_5_234,MX,ModerateAutism_3_23,MO,0.9824
MixedASDwithDelay_5_234,MX,ModerateAutism_3_69,MO,0.9946
MixedASDwithDelay_5_242,MX,ModerateAutism_4_112,MO,0.6934
MixedASDwithDelay_5_244,MX,ModerateAutism_3_72,MO,0.5537
MixedASDwithDelay_5_244,MX,ModerateAutism_4_98,MO,0.9826
MixedASDwithDelay_5_244,MX,ModerateAutism_4_161,MO,0.604
MixedASDwithDelay_1_1,MX,BroadlyAffectedAutism_2_9,BR,0.9968
MixedASDwithDelay_1_1,MX,BroadlyAffectedAutism_3_32,BR,0.9458
MixedASDwithDelay_1_2,MX,BroadlyAffectedAutism_5_171,BR,0.989
MixedASDwithDelay_1_3,MX,BroadlyAffectedAutism_2_12,BR,0.9966
MixedASDwithDelay_2_7,MX,BroadlyAffectedAutism_4_67,BR,0.8728
MixedASDwithDelay_2_8,MX,BroadlyAffectedAutism_2_7,BR,0.9922
MixedASDwithDelay_2_8,MX,BroadlyAffectedAutism_5_137,BR,0.9896
MixedASDwithDelay_2_10,MX,BroadlyAffectedAutism_5_83,BR,0.9542
MixedASDwithDelay_2_10,MX,BroadlyAffectedAutism_5_205,BR,0.9336
MixedASDwithDelay_2_11,MX,BroadlyAffectedAutism_3_27,BR,0.9789
MixedASDwithDelay_2_11,MX,BroadlyAffectedAutism_6_165,BR,0.5581
MixedASDwithDelay_2_12,MX,BroadlyAffectedAutism_2_12,BR,0.9706
MixedASDwithDelay_2_12,MX,BroadlyAffectedAutism_4_56,BR,0.9924
MixedASDwithDelay_2_13,MX,BroadlyAffectedAutism_2_7,BR,0.9565
MixedASDwithDelay_2_13,MX,BroadlyAffectedAutism_3_24,BR,0.9957
MixedASDwithDelay_2_13,MX,BroadlyAffectedAutism_3_39,BR,0.9892
MixedASDwithDelay_2_13,MX,BroadlyAffectedAutism_4_86,BR,0.9823
MixedASDwithDelay_2_13,MX,BroadlyAffectedAutism_5_137,BR,0.9767
MixedASDwithDelay_2_14,MX,BroadlyAffectedAutism_2_16,BR,0.7802
MixedASDwithDelay_2_14,MX,BroadlyAffectedAutism_4_54,BR,0.9856
MixedASDwithDelay_2_16,MX,BroadlyAffectedAutism_1_4,BR,0.9962
MixedASDwithDelay_2_16,MX,BroadlyAffectedAutism_4_55,BR,0.8507
MixedASDwithDelay_2_16,MX,BroadlyAffectedAutism_4_68,BR,0.5834
MixedASDwithDelay_2_18,MX,BroadlyAffectedAutism_3_23,BR,0.9972
MixedASDwithDelay_2_20,MX,BroadlyAffectedAutism_2_7,BR,0.9774
MixedASDwithDelay_2_20,MX,BroadlyAffectedAutism_4_46,BR,0.98
MixedASDwithDelay_2_20,MX,BroadlyAffectedAutism_6_165,BR,0.5661
MixedASDwithDelay_3_27,MX,BroadlyAffectedAutism_1_4,BR,0.9775
MixedASDwithDelay_3_27,MX,BroadlyAffectedAutism_3_50,BR,0.9932
MixedASDwithDelay_3_27,MX,BroadlyAffectedAutism_4_81,BR,0.9932
MixedASDwithDelay_3_27,MX,BroadlyAffectedAutism_5_98,BR,0.5706
MixedASDwithDelay_3_32,MX,BroadlyAffectedAutism_1_4,BR,0.8873
MixedASDwithDelay_3_32,MX,BroadlyAffectedAutism_3_50,BR,0.9913
MixedASDwithDelay_3_32,MX,BroadlyAffectedAutism_4_81,BR,0.9904
MixedASDwithDelay_3_37,MX,BroadlyAffectedAutism_3_32,BR,0.9786
MixedASDwithDelay_3_39,MX,BroadlyAffectedAutism_4_68,BR,0.6329
MixedASDwithDelay_3_39,MX,BroadlyAffectedAutism_5_122,BR,0.9895
MixedASDwithDelay_3_39,MX,BroadlyAffectedAutism_5_150,BR,0.954
MixedASDwithDelay_3_41,MX,BroadlyAffectedAutism_5_127,BR,0.9547
MixedASDwithDelay_3_43,MX,BroadlyAffectedAutism_4_96,BR,0.9977
MixedASDwithDelay_3_44,MX,BroadlyAffectedAutism_5_205,BR,0.5913
MixedASDwithDelay_3_45,MX,BroadlyAffectedAutism_4_57,BR,0.9933
MixedASDwithDelay_3_46,MX,BroadlyAffectedAutism_3_25,BR,0.9975
MixedASDwithDelay_3_46,MX,BroadlyAffectedAutism_3_41,BR,0.9886
MixedASDwithDelay_3_46,MX,BroadlyAffectedAutism_3_53,BR,0.998
MixedASDwithDelay_3_46,MX,BroadlyAffectedAutism_4_72,BR,0.9787
MixedASDwithDelay_3_46,MX,BroadlyAffectedAutism_5_200,BR,0.9923
MixedASDwithDelay_3_48,MX,BroadlyAffectedAutism_4_67,BR,0.9981
MixedASDwithDelay_3_48,MX,BroadlyAffectedAutism_5_83,BR,0.9121
MixedASDwithDelay_3_48,MX,BroadlyAffectedAutism_4_96,BR,0.968
MixedASDwithDelay_3_49,MX,BroadlyAffectedAutism_5_140,BR,0.8712
MixedASDwithDelay_3_49,MX,BroadlyAffectedAutism_5_144,BR,0.9575
MixedASDwithDelay_3_54,MX,BroadlyAffectedAutism_3_39,BR,0.9979
MixedASDwithDelay_3_56,MX,BroadlyAffectedAutism_5_83,BR,0.8482
MixedASDwithDelay_3_56,MX,BroadlyAffectedAutism_5_205,BR,0.9972
MixedASDwithDelay_3_58,MX,BroadlyAffectedAutism_1_2,BR,0.9772
MixedASDwithDelay_3_60,MX,BroadlyAffectedAutism_4_63,BR,0.9689
MixedASDwithDelay_3_60,MX,BroadlyAffectedAutism_5_97,BR,0.997
MixedASDwithDelay_3_63,MX,BroadlyAffectedAutism_4_69,BR,0.9641
MixedASDwithDelay_3_63,MX,BroadlyAffectedAutism_5_238,BR,0.935
MixedASDwithDelay_4_65,MX,BroadlyAffectedAutism_4_62,BR,0.9962
MixedASDwithDelay_4_65,MX,BroadlyAffectedAutism_5_137,BR,0.981
MixedASDwithDelay_4_65,MX,BroadlyAffectedAutism_5_145,BR,0.9967
MixedASDwithDelay_4_69,MX,BroadlyAffectedAutism_4_87,BR,0.9965
MixedASDwithDelay_4_79,MX,BroadlyAffectedAutism_6_165,BR,0.5626
MixedASDwithDelay_4_81,MX,BroadlyAffectedAutism_4_59,BR,0.9887
MixedASDwithDelay_4_82,MX,BroadlyAffectedAutism_3_21,BR,0.9817
MixedASDwithDelay_4_82,MX,BroadlyAffectedAutism_5_230,BR,0.9734
MixedASDwithDelay_4_83,MX,BroadlyAffectedAutism_3_41,BR,0.7823
MixedASDwithDelay_4_83,MX,BroadlyAffectedAutism_3_53,BR,0.9978
MixedASDwithDelay_4_83,MX,BroadlyAffectedAutism_5_200,BR,0.9516
MixedASDwithDelay_4_87,MX,BroadlyAffectedAutism_4_96,BR,0.9921
MixedASDwithDelay_4_88,MX,BroadlyAffectedAutism_5_121,BR,0.869
MixedASDwithDelay_4_88,MX,BroadlyAffectedAutism_5_127,BR,0.9978
MixedASDwithDelay_4_89,MX,BroadlyAffectedAutism_4_96,BR,0.922
MixedASDwithDelay_4_90,MX,BroadlyAffectedAutism_5_135,BR,0.9871
MixedASDwithDelay_4_92,MX,BroadlyAffectedAutism_4_96,BR,0.9444
MixedASDwithDelay_4_92,MX,BroadlyAffectedAutism_5_215,BR,0.9813
MixedASDwithDelay_4_94,MX,BroadlyAffectedAutism_5_122,BR,0.8293
MixedASDwithDelay_4_94,MX,BroadlyAffectedAutism_5_150,BR,0.99
MixedASDwithDelay_4_97,MX,BroadlyAffectedAutism_2_12,BR,0.9926
MixedASDwithDelay_4_99,MX,BroadlyAffectedAutism_3_25,BR,0.9298
MixedASDwithDelay_4_99,MX,BroadlyAffectedAutism_4_72,BR,0.9497
MixedASDwithDelay_4_99,MX,BroadlyAffectedAutism_5_149,BR,0.961
MixedASDwithDelay_4_99,MX,BroadlyAffectedAutism_5_200,BR,0.8048
MixedASDwithDelay_4_100,MX,BroadlyAffectedAutism_4_68,BR,0.6319
MixedASDwithDelay_4_103,MX,BroadlyAffectedAutism_5_238,BR,0.9833
MixedASDwithDelay_4_104,MX,BroadlyAffectedAutism_5_231,BR,0.9914
MixedASDwithDelay_4_105,MX,BroadlyAffectedAutism_4_89,BR,0.995
MixedASDwithDelay_4_105,MX,BroadlyAffectedAutism_5_100,BR,0.6182
MixedASDwithDelay_4_107,MX,BroadlyAffectedAutism_2_16,BR,0.9974
MixedASDwithDelay_4_107,MX,BroadlyAffectedAutism_4_54,BR,0.9913
MixedASDwithDelay_4_110,MX,BroadlyAffectedAutism_5_205,BR,0.6831
MixedASDwithDelay_4_116,MX,BroadlyAffectedAutism_5_121,BR,0.9911
MixedASDwithDelay_4_116,MX,BroadlyAffectedAutism_5_140,BR,0.989
MixedASDwithDelay_4_116,MX,BroadlyAffectedAutism_6_165,BR,0.9678
MixedASDwithDelay_4_118,MX,BroadlyAffectedAutism_5_207,BR,0.957
MixedASDwithDelay_4_121,MX,BroadlyAffectedAutism_4_61,BR,0.9955
MixedASDwithDelay_4_125,MX,BroadlyAffectedAutism_4_63,BR,0.9962
MixedASDwithDelay_4_125,MX,BroadlyAffectedAutism_5_97,BR,0.9689
MixedASDwithDelay_4_126,MX,BroadlyAffectedAutism_4_60,BR,0.8159
MixedASDwithDelay_4_127,MX,BroadlyAffectedAutism_4_56,BR,0.9896
MixedASDwithDelay_4_127,MX,BroadlyAffectedAutism_5_200,BR,0.9921
MixedASDwithDelay_4_130,MX,BroadlyAffectedAutism_5_169,BR,0.6103
MixedASDwithDelay_4_132,MX,BroadlyAffectedAutism_5_197,BR,0.9829
MixedASDwithDelay_4_132,MX,BroadlyAffectedAutism_5_223,BR,0.9027
MixedASDwithDelay_4_132,MX,BroadlyAffectedAutism_5_227,BR,0.9565
MixedASDwithDelay_4_132,MX,BroadlyAffectedAutism_5_231,BR,0.9856
MixedASDwithDelay_4_140,MX,BroadlyAffectedAutism_3_24,BR,0.9673
MixedASDwithDelay_4_140,MX,BroadlyAffectedAutism_5_125,BR,0.5525
MixedASDwithDelay_4_140,MX,BroadlyAffectedAutism_5_137,BR,0.9869
MixedASDwithDelay_4_140,MX,BroadlyAffectedAutism_5_171,BR,0.9798
MixedASDwithDelay_4_140,MX,BroadlyAffectedAutism_6_241,BR,0.9124
MixedASDwithDelay_4_141,MX,BroadlyAffectedAutism_3_24,BR,0.9905
MixedASDwithDelay_4_141,MX,BroadlyAffectedAutism_3_39,BR,0.9821
MixedASDwithDelay_4_141,MX,BroadlyAffectedAutism_4_86,BR,0.9976
MixedASDwithDelay_4_142,MX,BroadlyAffectedAutism_5_178,BR,0.9933
MixedASDwithDelay_4_144,MX,BroadlyAffectedAutism_5_144,BR,0.5817
MixedASDwithDelay_4_145,MX,BroadlyAffectedAutism_6_249,BR,0.8741
MixedASDwithDelay_4_148,MX,BroadlyAffectedAutism_4_86,BR,0.6301
MixedASDwithDelay_4_152,MX,BroadlyAffectedAutism_4_80,BR,0.9977
MixedASDwithDelay_5_156,MX,BroadlyAffectedAutism_6_242,BR,0.9976
MixedASDwithDelay_5_158,MX,BroadlyAffectedAutism_5_143,BR,0.9852
MixedASDwithDelay_5_165,MX,BroadlyAffectedAutism_5_207,BR,0.9875
MixedASDwithDelay_5_166,MX,BroadlyAffectedAutism_3_39,BR,0.9859
MixedASDwithDelay_5_166,MX,BroadlyAffectedAutism_5_97,BR,0.9954
MixedASDwithDelay_5_167,MX,BroadlyAffectedAutism_4_63,BR,0.6755
MixedASDwithDelay_5_167,MX,BroadlyAffectedAutism_5_97,BR,0.985
MixedASDwithDelay_5_168,MX,BroadlyAffectedAutism_2_9,BR,0.9955
MixedASDwithDelay_5_168,MX,BroadlyAffectedAutism_3_32,BR,0.9946
MixedASDwithDelay_5_168,MX,BroadlyAffectedAutism_5_142,BR,0.9608
MixedASDwithDelay_5_169,MX,BroadlyAffectedAutism_3_37,BR,0.8058
MixedASDwithDelay_5_169,MX,BroadlyAffectedAutism_4_60,BR,0.9892
MixedASDwithDelay_5_169,MX,BroadlyAffectedAutism_4_96,BR,0.9228
MixedASDwithDelay_5_169,MX,BroadlyAffectedAutism_5_215,BR,0.9842
MixedASDwithDelay_5_171,MX,BroadlyAffectedAutism_5_207,BR,0.9956
MixedASDwithDelay_5_171,MX,BroadlyAffectedAutism_6_208,BR,0.5694
MixedASDwithDelay_5_173,MX,BroadlyAffectedAutism_5_121,BR,0.981
MixedASDwithDelay_5_173,MX,BroadlyAffectedAutism_5_125,BR,0.8698
MixedASDwithDelay_5_173,MX,BroadlyAffectedAutism_5_215,BR,0.8324
MixedASDwithDelay_5_176,MX,BroadlyAffectedAutism_4_59,BR,0.9939
MixedASDwithDelay_5_180,MX,BroadlyAffectedAutism_5_154,BR,0.8436
MixedASDwithDelay_5_182,MX,BroadlyAffectedAutism_5_207,BR,0.9783
MixedASDwithDelay_5_183,MX,BroadlyAffectedAutism_3_21,BR,0.7985
MixedASDwithDelay_5_183,MX,BroadlyAffectedAutism_5_119,BR,0.978
MixedASDwithDelay_5_187,MX,BroadlyAffectedAutism_4_59,BR,0.966
MixedASDwithDelay_5_187,MX,BroadlyAffectedAutism_5_182,BR,0.7309
MixedASDwithDelay_5_188,MX,BroadlyAffectedAutism_3_27,BR,0.9873
MixedASDwithDelay_5_188,MX,BroadlyAffectedAutism_6_165,BR,0.982
MixedASDwithDelay_5_188,MX,BroadlyAffectedAutism_5_197,BR,0.614
MixedASDwithDelay_5_190,MX,BroadlyAffectedAutism_5_110,BR,0.9769
MixedASDwithDelay_5_193,MX,BroadlyAffectedAutism_4_89,BR,0.9813
MixedASDwithDelay_5_193,MX,BroadlyAffectedAutism_5_133,BR,0.9978
MixedASDwithDelay_5_197,MX,BroadlyAffectedAutism_5_135,BR,0.9785
MixedASDwithDelay_5_197,MX,BroadlyAffectedAutism_6_165,BR,0.5609
MixedASDwithDelay_5_206,MX,BroadlyAffectedAutism_6_192,BR,0.9625
MixedASDwithDelay_5_217,MX,BroadlyAffectedAutism_2_7,BR,0.996
MixedASDwithDelay_5_217,MX,BroadlyAffectedAutism_5_97,BR,0.9047
MixedASDwithDelay_5_219,MX,BroadlyAffectedAutism_4_96,BR,0.7233
MixedASDwithDelay_5_219,MX,BroadlyAffectedAutism_5_205,BR,0.7984
MixedASDwithDelay_5_221,MX,BroadlyAffectedAutism_6_165,BR,0.6017
MixedASDwithDelay_5_228,MX,BroadlyAffectedAutism_2_7,BR,0.6674
MixedASDwithDelay_5_228,MX,BroadlyAffectedAutism_5_97,BR,0.9806
MixedASDwithDelay_5_232,MX,BroadlyAffectedAutism_3_27,BR,0.998
MixedASDwithDelay_5_234,MX,BroadlyAffectedAutism_2_7,BR,0.9207
MixedASDwithDelay_5_234,MX,BroadlyAffectedAutism_3_24,BR,0.9954
MixedASDwithDelay_5_234,MX,BroadlyAffectedAutism_4_47,BR,0.9849
MixedASDwithDelay_5_234,MX,BroadlyAffectedAutism_4_86,BR,0.9962
MixedASDwithDelay_5_234,MX,BroadlyAffectedAutism_6_190,BR,0.9308
MixedASDwithDelay_5_241,MX,BroadlyAffectedAutism_5_135,BR,0.7963
MixedASDwithDelay_5_242,MX,BroadlyAffectedAutism_5_197,BR,0.803
MixedASDwithDelay_5_242,MX,BroadlyAffectedAutism_5_199,BR,0.5926
MixedASDwithDelay_5_242,MX,BroadlyAffectedAutism_5_231,BR,0.9926
MixedASDwithDelay_5_244,MX,BroadlyAffectedAutism_3_53,BR,0.9826
MixedASDwithDelay_5_244,MX,BroadlyAffectedAutism_4_72,BR,0.8382
MixedASDwithDelay_5_244,MX,BroadlyAffectedAutism_4_80,BR,0.5844
MixedASDwithDelay_5_244,MX,BroadlyAffectedAutism_5_149,BR,0.9695
MixedASDwithDelay_5_244,MX,BroadlyAffectedAutism_5_200,BR,0.988
ModerateAutism_1_1,MO,BroadlyAffectedAutism_2_9,BR,0.9968
ModerateAutism_1_1,MO,BroadlyAffectedAutism_3_32,BR,0.9458
ModerateAutism_1_2,MO,BroadlyAffectedAutism_2_7,BR,0.5547
ModerateAutism_1_2,MO,BroadlyAffectedAutism_4_46,BR,0.9817
ModerateAutism_1_2,MO,BroadlyAffectedAutism_6_165,BR,0.961
ModerateAutism_1_2,MO,BroadlyAffectedAutism_5_240,BR,0.5668
ModerateAutism_1_3,MO,BroadlyAffectedAutism_5_127,BR,0.7512
ModerateAutism_1_4,MO,BroadlyAffectedAutism_6_165,BR,0.9861
ModerateAutism_2_5,MO,BroadlyAffectedAutism_3_27,BR,0.9848
ModerateAutism_2_8,MO,BroadlyAffectedAutism_2_9,BR,0.5557
ModerateAutism_2_8,MO,BroadlyAffectedAutism_3_32,BR,0.995
ModerateAutism_2_9,MO,BroadlyAffectedAutism_5_83,BR,0.5757
ModerateAutism_2_9,MO,BroadlyAffectedAutism_5_205,BR,0.9454
ModerateAutism_2_10,MO,BroadlyAffectedAutism_4_62,BR,0.9972
ModerateAutism_2_10,MO,BroadlyAffectedAutism_5_121,BR,0.5978
ModerateAutism_2_10,MO,BroadlyAffectedAutism_5_137,BR,0.9891
ModerateAutism_2_10,MO,BroadlyAffectedAutism_5_145,BR,0.8604
ModerateAutism_2_10,MO,BroadlyAffectedAutism_6_165,BR,0.9286
ModerateAutism_2_10,MO,BroadlyAffectedAutism_6_241,BR,0.9867
ModerateAutism_2_11,MO,BroadlyAffectedAutism_1_4,BR,0.9955
ModerateAutism_2_11,MO,BroadlyAffectedAutism_4_68,BR,0.5939
ModerateAutism_2_14,MO,BroadlyAffectedAutism_5_83,BR,0.5852
ModerateAutism_2_14,MO,BroadlyAffectedAutism_4_96,BR,0.9715
ModerateAutism_2_14,MO,BroadlyAffectedAutism_5_205,BR,0.9893
ModerateAutism_2_17,MO,BroadlyAffectedAutism_4_80,BR,0.9739
ModerateAutism_2_18,MO,BroadlyAffectedAutism_6_192,BR,0.9564
ModerateAutism_2_19,MO,BroadlyAffectedAutism_5_171,BR,0.9621
ModerateAutism_2_20,MO,BroadlyAffectedAutism_1_4,BR,0.9957
ModerateAutism_2_20,MO,BroadlyAffectedAutism_3_50,BR,0.8748
ModerateAutism_2_20,MO,BroadlyAffectedAutism_4_68,BR,0.9328
ModerateAutism_2_20,MO,BroadlyAffectedAutism_4_81,BR,0.9429
ModerateAutism_2_20,MO,BroadlyAffectedAutism_5_159,BR,0.8637
ModerateAutism_3_21,MO,BroadlyAffectedAutism_4_54,BR,0.9826
ModerateAutism_3_23,MO,BroadlyAffectedAutism_2_11,BR,0.9811
ModerateAutism_3_23,MO,BroadlyAffectedAutism_3_39,BR,0.976
ModerateAutism_3_25,MO,BroadlyAffectedAutism_4_61,BR,0.9479
ModerateAutism_3_26,MO,BroadlyAffectedAutism_2_14,BR,0.942
ModerateAutism_3_26,MO,BroadlyAffectedAutism_5_144,BR,0.9974
ModerateAutism_3_26,MO,BroadlyAffectedAutism_5_171,BR,0.9833
ModerateAutism_3_26,MO,BroadlyAffectedAutism_6_241,BR,0.9902
ModerateAutism_3_28,MO,BroadlyAffectedAutism_2_7,BR,0.9885
ModerateAutism_3_28,MO,BroadlyAffectedAutism_2_11,BR,0.6644
ModerateAutism_3_28,MO,BroadlyAffectedAutism_5_137,BR,0.5677
ModerateAutism_3_28,MO,BroadlyAffectedAutism_6_190,BR,0.9814
ModerateAutism_3_30,MO,BroadlyAffectedAutism_4_68,BR,0.9927
ModerateAutism_3_32,MO,BroadlyAffectedAutism_4_68,BR,0.9346
ModerateAutism_3_34,MO,BroadlyAffectedAutism_5_140,BR,0.8712
ModerateAutism_3_34,MO,BroadlyAffectedAutism_5_144,BR,0.9575
ModerateAutism_3_36,MO,BroadlyAffectedAutism_5_128,BR,0.9972
ModerateAutism_3_37,MO,BroadlyAffectedAutism_4_61,BR,0.5557
ModerateAutism_3_42,MO,BroadlyAffectedAutism_5_205,BR,0.7074
ModerateAutism_3_46,MO,BroadlyAffectedAutism_4_96,BR,0.9972
ModerateAutism_3_49,MO,BroadlyAffectedAutism_2_7,BR,0.8534
ModerateAutism_3_49,MO,BroadlyAffectedAutism_4_46,BR,0.6786
ModerateAutism_3_49,MO,BroadlyAffectedAutism_4_61,BR,0.9009
ModerateAutism_3_49,MO,BroadlyAffectedAutism_5_121,BR,0.8678
ModerateAutism_3_49,MO,BroadlyAffectedAutism_5_171,BR,0.9832
ModerateAutism_3_50,MO,BroadlyAffectedAutism_4_67,BR,0.9972
ModerateAutism_3_50,MO,BroadlyAffectedAutism_5_83,BR,0.9841
ModerateAutism_3_55,MO,BroadlyAffectedAutism_3_37,BR,0.6612
ModerateAutism_3_56,MO,BroadlyAffectedAutism_3_23,BR,0.9957
ModerateAutism_3_57,MO,BroadlyAffectedAutism_5_207,BR,0.9893
ModerateAutism_3_58,MO,BroadlyAffectedAutism_1_2,BR,0.9929
ModerateAutism_3_60,MO,BroadlyAffectedAutism_4_61,BR,0.6469
ModerateAutism_3_60,MO,BroadlyAffectedAutism_5_171,BR,0.8812
ModerateAutism_3_61,MO,BroadlyAffectedAutism_5_83,BR,0.6433
ModerateAutism_3_65,MO,BroadlyAffectedAutism_2_7,BR,0.9695
ModerateAutism_3_65,MO,BroadlyAffectedAutism_3_39,BR,0.9916
ModerateAutism_3_65,MO,BroadlyAffectedAutism_4_86,BR,0.7135
ModerateAutism_3_69,MO,BroadlyAffectedAutism_3_24,BR,0.9974
ModerateAutism_3_69,MO,BroadlyAffectedAutism_4_86,BR,0.9868
ModerateAutism_3_70,MO,BroadlyAffectedAutism_3_50,BR,0.9534
ModerateAutism_3_70,MO,BroadlyAffectedAutism_5_159,BR,0.9975
ModerateAutism_3_72,MO,BroadlyAffectedAutism_3_25,BR,0.9972
ModerateAutism_3_72,MO,BroadlyAffectedAutism_3_41,BR,0.9794
ModerateAutism_3_72,MO,BroadlyAffectedAutism_3_53,BR,0.992
ModerateAutism_3_72,MO,BroadlyAffectedAutism_4_72,BR,0.7655
ModerateAutism_3_72,MO,BroadlyAffectedAutism_5_200,BR,0.9739
ModerateAutism_4_75,MO,BroadlyAffectedAutism_1_4,BR,0.8418
ModerateAutism_4_75,MO,BroadlyAffectedAutism_3_27,BR,0.8322
ModerateAutism_4_75,MO,BroadlyAffectedAutism_5_197,BR,0.8346
ModerateAutism_4_76,MO,BroadlyAffectedAutism_5_159,BR,0.9581
ModerateAutism_4_77,MO,BroadlyAffectedAutism_4_60,BR,0.9949
ModerateAutism_4_77,MO,BroadlyAffectedAutism_4_74,BR,0.9875
ModerateAutism_4_77,MO,BroadlyAffectedAutism_4_96,BR,0.9877
ModerateAutism_4_77,MO,BroadlyAffectedAutism_5_215,BR,0.5625
ModerateAutism_4_78,MO,BroadlyAffectedAutism_4_60,BR,0.5949
ModerateAutism_4_78,MO,BroadlyAffectedAutism_5_125,BR,0.6077
ModerateAutism_4_78,MO,BroadlyAffectedAutism_5_127,BR,0.996
ModerateAutism_4_83,MO,BroadlyAffectedAutism_5_145,BR,0.9415
ModerateAutism_4_87,MO,BroadlyAffectedAutism_5_139,BR,0.9738
ModerateAutism_4_89,MO,BroadlyAffectedAutism_2_9,BR,0.8477
ModerateAutism_4_97,MO,BroadlyAffectedAutism_1_4,BR,0.9471
ModerateAutism_4_97,MO,BroadlyAffectedAutism_3_50,BR,0.9742
ModerateAutism_4_97,MO,BroadlyAffectedAutism_5_159,BR,0.9745
ModerateAutism_4_98,MO,BroadlyAffectedAutism_3_25,BR,0.9974
ModerateAutism_4_98,MO,BroadlyAffectedAutism_3_41,BR,0.9832
ModerateAutism_4_98,MO,BroadlyAffectedAutism_3_53,BR,0.9958
ModerateAutism_4_98,MO,BroadlyAffectedAutism_5_200,BR,0.9908
ModerateAutism_4_99,MO,BroadlyAffectedAutism_4_117,BR,0.9812
ModerateAutism_4_101,MO,BroadlyAffectedAutism_5_98,BR,0.7445
ModerateAutism_4_108,MO,BroadlyAffectedAutism_2_7,BR,0.9431
ModerateAutism_4_108,MO,BroadlyAffectedAutism_4_61,BR,0.6
ModerateAutism_4_108,MO,BroadlyAffectedAutism_5_171,BR,0.6641
ModerateAutism_4_109,MO,BroadlyAffectedAutism_6_203,BR,0.6399
ModerateAutism_4_114,MO,BroadlyAffectedAutism_4_60,BR,0.6868
ModerateAutism_4_114,MO,BroadlyAffectedAutism_5_127,BR,0.5629
ModerateAutism_4_117,MO,BroadlyAffectedAutism_5_127,BR,0.6326
ModerateAutism_4_117,MO,BroadlyAffectedAutism_5_144,BR,0.9885
ModerateAutism_4_117,MO,BroadlyAffectedAutism_5_215,BR,0.9045
ModerateAutism_4_117,MO,BroadlyAffectedAutism_5_223,BR,0.616
ModerateAutism_4_117,MO,BroadlyAffectedAutism_5_227,BR,0.7644
ModerateAutism_4_118,MO,BroadlyAffectedAutism_4_71,BR,0.9961
ModerateAutism_4_118,MO,BroadlyAffectedAutism_5_143,BR,0.8902
ModerateAutism_4_122,MO,BroadlyAffectedAutism_2_9,BR,0.8024
ModerateAutism_4_122,MO,BroadlyAffectedAutism_3_32,BR,0.9898
ModerateAutism_4_124,MO,BroadlyAffectedAutism_3_27,BR,0.9846
ModerateAutism_4_124,MO,BroadlyAffectedAutism_6_165,BR,0.9682
ModerateAutism_4_124,MO,BroadlyAffectedAutism_6_203,BR,0.9852
ModerateAutism_4_127,MO,BroadlyAffectedAutism_3_32,BR,0.9901
ModerateAutism_4_128,MO,BroadlyAffectedAutism_5_207,BR,0.9964
ModerateAutism_4_130,MO,BroadlyAffectedAutism_2_9,BR,0.9458
ModerateAutism_4_130,MO,BroadlyAffectedAutism_3_32,BR,0.9971
ModerateAutism_4_136,MO,BroadlyAffectedAutism_4_59,BR,0.9398
ModerateAutism_4_140,MO,BroadlyAffectedAutism_5_120,BR,0.9884
ModerateAutism_4_147,MO,BroadlyAffectedAutism_2_7,BR,0.9707
ModerateAutism_4_147,MO,BroadlyAffectedAutism_5_122,BR,0.6687
ModerateAutism_4_147,MO,BroadlyAffectedAutism_5_137,BR,0.9666
ModerateAutism_4_147,MO,BroadlyAffectedAutism_5_140,BR,0.9924
ModerateAutism_4_147,MO,BroadlyAffectedAutism_5_144,BR,0.9805
ModerateAutism_4_147,MO,BroadlyAffectedAutism_5_154,BR,0.7645
ModerateAutism_4_147,MO,BroadlyAffectedAutism_6_165,BR,0.8078
ModerateAutism_4_147,MO,BroadlyAffectedAutism_5_240,BR,0.9391
ModerateAutism_4_147,MO,BroadlyAffectedAutism_6_241,BR,0.9926
ModerateAutism_4_151,MO,BroadlyAffectedAutism_4_117,BR,0.5526
ModerateAutism_4_153,MO,BroadlyAffectedAutism_3_25,BR,0.9298
ModerateAutism_4_153,MO,BroadlyAffectedAutism_4_72,BR,0.9497
ModerateAutism_4_153,MO,BroadlyAffectedAutism_5_149,BR,0.961
ModerateAutism_4_153,MO,BroadlyAffectedAutism_5_200,BR,0.8048
ModerateAutism_4_155,MO,BroadlyAffectedAutism_5_83,BR,0.8507
ModerateAutism_4_155,MO,BroadlyAffectedAutism_4_96,BR,0.9832
ModerateAutism_4_155,MO,BroadlyAffectedAutism_6_183,BR,0.9649
ModerateAutism_4_155,MO,BroadlyAffectedAutism_5_215,BR,0.8477
ModerateAutism_4_156,MO,BroadlyAffectedAutism_4_68,BR,0.6712
ModerateAutism_4_159,MO,BroadlyAffectedAutism_4_71,BR,0.9039
ModerateAutism_4_159,MO,BroadlyAffectedAutism_4_80,BR,0.9842
ModerateAutism_4_159,MO,BroadlyAffectedAutism_4_117,BR,0.9657
ModerateAutism_4_159,MO,BroadlyAffectedAutism_5_143,BR,0.9794
ModerateAutism_4_161,MO,BroadlyAffectedAutism_3_25,BR,0.9899
ModerateAutism_4_161,MO,BroadlyAffectedAutism_3_41,BR,0.992
ModerateAutism_4_161,MO,BroadlyAffectedAutism_3_53,BR,0.998
ModerateAutism_4_161,MO,BroadlyAffectedAutism_4_72,BR,0.9953
ModerateAutism_4_163,MO,BroadlyAffectedAutism_4_74,BR,0.9964
ModerateAutism_4_163,MO,BroadlyAffectedAutism_5_120,BR,0.9926
ModerateAutism_4_164,MO,BroadlyAffectedAutism_3_25,BR,0.9299
ModerateAutism_4_164,MO,BroadlyAffectedAutism_3_41,BR,0.9911
ModerateAutism_4_164,MO,BroadlyAffectedAutism_3_53,BR,0.9928
ModerateAutism_4_164,MO,BroadlyAffectedAutism_5_200,BR,0.9467
ModerateAutism_4_166,MO,BroadlyAffectedAutism_5_207,BR,0.9935
ModerateAutism_4_167,MO,BroadlyAffectedAutism_1_1,BR,0.7232
ModerateAutism_4_167,MO,BroadlyAffectedAutism_3_25,BR,0.9171
ModerateAutism_4_167,MO,BroadlyAffectedAutism_3_53,BR,0.991
ModerateAutism_4_167,MO,BroadlyAffectedAutism_4_72,BR,0.9229
ModerateAutism_4_167,MO,BroadlyAffectedAutism_5_180,BR,0.8026
ModerateAutism_4_167,MO,BroadlyAffectedAutism_5_200,BR,0.9907
ModerateAutism_4_169,MO,BroadlyAffectedAutism_3_24,BR,0.5963
ModerateAutism_4_174,MO,BroadlyAffectedAutism_4_89,BR,0.9918
ModerateAutism_4_174,MO,BroadlyAffectedAutism_5_133,BR,0.9923
ModerateAutism_4_175,MO,BroadlyAffectedAutism_5_207,BR,0.9798
ModerateAutism_4_177,MO,BroadlyAffectedAutism_5_125,BR,0.9978
ModerateAutism_4_177,MO,BroadlyAffectedAutism_6_241,BR,0.9682
ModerateAutism_4_181,MO,BroadlyAffectedAutism_5_83,BR,0.9023
ModerateAutism_4_181,MO,BroadlyAffectedAutism_5_205,BR,0.9943
ModerateAutism_4_182,MO,BroadlyAffectedAutism_1_4,BR,0.9797
ModerateAutism_4_182,MO,BroadlyAffectedAutism_3_21,BR,0.9317
ModerateAutism_4_182,MO,BroadlyAffectedAutism_4_60,BR,0.668
ModerateAutism_4_182,MO,BroadlyAffectedAutism_4_68,BR,0.9331
ModerateAutism_4_182,MO,BroadlyAffectedAutism_5_122,BR,0.9739
ModerateAutism_4_182,MO,BroadlyAffectedAutism_5_150,BR,0.8815
ModerateAutism_4_183,MO,BroadlyAffectedAutism_2_7,BR,0.6627
ModerateAutism_4_183,MO,BroadlyAffectedAutism_2_11,BR,0.9954
ModerateAutism_4_185,MO,BroadlyAffectedAutism_4_96,BR,0.9973
ModerateAutism_4_192,MO,BroadlyAffectedAutism_4_61,BR,0.9955
ModerateAutism_4_193,MO,BroadlyAffectedAutism_5_172,BR,0.9975
ModerateAutism_4_194,MO,BroadlyAffectedAutism_3_24,BR,0.6931
ModerateAutism_4_194,MO,BroadlyAffectedAutism_4_86,BR,0.5728
ModerateAutism_4_195,MO,BroadlyAffectedAutism_5_154,BR,0.9882
ModerateAutism_4_196,MO,BroadlyAffectedAutism_1_4,BR,0.5702
ModerateAutism_4_196,MO,BroadlyAffectedAutism_3_50,BR,0.9966
ModerateAutism_4_196,MO,BroadlyAffectedAutism_5_159,BR,0.9723
ModerateAutism_4_204,MO,BroadlyAffectedAutism_5_137,BR,0.573
ModerateAutism_4_205,MO,BroadlyAffectedAutism_4_69,BR,0.9749
ModerateAutism_4_210,MO,BroadlyAffectedAutism_4_57,BR,0.997
ModerateAutism_4_210,MO,BroadlyAffectedAutism_4_87,BR,0.8578
ModerateAutism_4_212,MO,BroadlyAffectedAutism_4_60,BR,0.7031
